{
  "RootNamespace": "Indotalent",
  "ServerTypings": {
    "LocalTexts": true
  },
  "Restore": {
    "Exclude": [
      "/wwwroot/Scripts/serenity/Serenity.CoreLib*.*"
    ]
  },
  "Connections": [
    {
      "Key": "Default",
      "Tables": [
        {
          "Tablename": "Bill",
          "Identifier": "Bill",
          "Module": "Purchase",
          "PermissionKey": "Administration:General"
        },
        {
          "Tablename": "BillDetail",
          "Identifier": "BillDetail",
          "Module": "Purchase",
          "PermissionKey": "Administration:General"
        },
        {
          "Tablename": "BillPayment",
          "Identifier": "BillPayment",
          "Module": "Purchase",
          "PermissionKey": "Administration:General"
        },
        {
          "Tablename": "Brand",
          "Identifier": "Brand",
          "Module": "Merchandise",
          "PermissionKey": "Merchandise:Brand"
        },
        {
          "Tablename": "CashBank",
          "Identifier": "CashBank",
          "Module": "Settings",
          "PermissionKey": "Administration:General"
        },
        {
          "Tablename": "Category",
          "Identifier": "Category",
          "Module": "Merchandise",
          "PermissionKey": "Merchandise:Category"
        },
        {
          "Tablename": "Colour",
          "Identifier": "Colour",
          "Module": "Merchandise",
          "PermissionKey": "Merchandise:Colour"
        },
        {
          "Tablename": "Customer",
          "Identifier": "Customer",
          "Module": "Sales",
          "PermissionKey": "Sales:Customer"
        },
        {
          "Tablename": "CustomerContact",
          "Identifier": "CustomerContact",
          "Module": "Sales",
          "PermissionKey": "Sales:Customer"
        },
        {
          "Tablename": "Flavour",
          "Identifier": "Flavour",
          "Module": "Merchandise",
          "PermissionKey": "Merchandise:Flavour"
        },
        {
          "Tablename": "Invoice",
          "Identifier": "Invoice",
          "Module": "Sales",
          "PermissionKey": "Sales:Invoice"
        },
        {
          "Tablename": "InvoiceDetail",
          "Identifier": "InvoiceDetail",
          "Module": "Sales",
          "PermissionKey": "Sales:Invoice"
        },
        {
          "Tablename": "InvoicePayment",
          "Identifier": "InvoicePayment",
          "Module": "Sales",
          "PermissionKey": "Sales:Invoice"
        },
        {
          "Tablename": "Product",
          "Identifier": "Product",
          "Module": "Merchandise",
          "PermissionKey": "Merchandise:Product"
        },
        {
          "Tablename": "PurchaseOrder",
          "Identifier": "PurchaseOrder",
          "Module": "Purchase",
          "PermissionKey": "Administration:General"
        },
        {
          "Tablename": "PurchaseOrderDetail",
          "Identifier": "PurchaseOrderDetail",
          "Module": "Purchase",
          "PermissionKey": "Administration:General"
        },
        {
          "Tablename": "PurchaseTax",
          "Identifier": "PurchaseTax",
          "Module": "Settings",
          "PermissionKey": "Administration:General"
        },
        {
          "Tablename": "SalesChannel",
          "Identifier": "SalesChannel",
          "Module": "Sales",
          "PermissionKey": "Sales:SalesChannel"
        },
        {
          "Tablename": "SalesOrder",
          "Identifier": "SalesOrder",
          "Module": "Sales",
          "PermissionKey": "Sales:SalesOrder"
        },
        {
          "Tablename": "SalesOrderDetail",
          "Identifier": "SalesOrderDetail",
          "Module": "Sales",
          "PermissionKey": "Sales:SalesOrder"
        },
        {
          "Tablename": "SalesTax",
          "Identifier": "SalesTax",
          "Module": "Settings",
          "PermissionKey": "Sales:SalesOrder"
        },
        {
          "Tablename": "Size",
          "Identifier": "Size",
          "Module": "Merchandise",
          "PermissionKey": "Merchandise:Size"
        },
        {
          "Tablename": "Tenant",
          "Identifier": "MyCompany",
          "Module": "Settings",
          "PermissionKey": "Settings:MyCompany"
        },
        {
          "Tablename": "Uom",
          "Identifier": "Uom",
          "Module": "Merchandise",
          "PermissionKey": "Merchandise:Uom"
        },
        {
          "Tablename": "Vendor",
          "Identifier": "Vendor",
          "Module": "Purchase",
          "PermissionKey": "Administration:General"
        },
        {
          "Tablename": "VendorContact",
          "Identifier": "VendorContact",
          "Module": "Purchase",
          "PermissionKey": "Administration:General"
        }
      ]
    }
  ],
  "UpgradeInfo": {
    "InitialType": "Community",
    "InitialVersion": "5.2.4.0"
  }
}