{
    "Db.Administration.Language.EntityPlural": "زبان ها",
    "Db.Administration.Language.EntitySingular": "زبان",
    "Db.Administration.Language.Id": "شناسه",
    "Db.Administration.Language.LanguageId": "شناسه زبان",
    "Db.Administration.Language.LanguageName": "نام زبان",
    "Db.Administration.Role.EntityPlural": "گروه کاربری ها",
    "Db.Administration.Role.EntitySingular": "گروه کاربری",
    "Db.Administration.Role.RoleId": "شناسه گروه کاربری",
    "Db.Administration.Role.RoleName": "عنوان گروه کاربری",
    "Db.Administration.RolePermission.EntityPlural": "مجوزهای گروه کاربری",
    "Db.Administration.RolePermission.EntitySingular": "مجوز گروه کاربری",
    "Db.Administration.RolePermission.PermissionKey": "مجوز",
    "Db.Administration.RolePermission.RoleId": "شناسه گروه کاربری",
    "Db.Administration.RolePermission.RolePermissionId": "شناسه مجوز گروه کاربری",
    "Db.Administration.RolePermission.RoleRoleName": "عنوان گروه کاربری",
    "Db.Administration.Translation.CustomText": "ترجمه به زبان مقصد",
    "Db.Administration.Translation.EntityPlural": "ترجمه ها",
    "Db.Administration.Translation.Key": "کلید عبارت",
    "Db.Administration.Translation.OverrideConfirmation": "ترجمه ثبت شده با عبارت پیش فرض جایگزین گردد ?",
    "Db.Administration.Translation.SaveChangesButton": "ذخیره تغییرات",
    "Db.Administration.Translation.SourceLanguage": "زبان مبدا",
    "Db.Administration.Translation.SourceText": "ترجمه عبارت به زبان مبدا",
    "Db.Administration.Translation.TargetLanguage": "زبان مقصد",
    "Db.Administration.Translation.TargetText": "ترجمه موثر در زبان مقصد",
    "Db.Administration.User.DisplayName": "نام و نام خانوادگی",
    "Db.Administration.User.Email": "پست الکترونیک",
    "Db.Administration.User.EntityPlural": "کاربران",
    "Db.Administration.User.EntitySingular": "کاربر",
    "Db.Administration.User.LastDirectoryUpdate": "آخرین زمان ویرایش دایرکتوری",
    "Db.Administration.User.Password": "رمز عبور",
    "Db.Administration.User.PasswordConfirm": "تکرار رمز عبور",
    "Db.Administration.User.PasswordHash": "هش رمز عبور",
    "Db.Administration.User.PasswordSalt": "سالت رمز عبور",
    "Db.Administration.User.Source": "منبع",
    "Db.Administration.User.UserId": "شناسه کاربری",
    "Db.Administration.User.Username": "نام کاربری",
    "Db.Administration.UserPermission.EntityPlural": "دسترسی های کاربر",
    "Db.Administration.UserPermission.EntitySingular": "دسترسی کاربر",
    "Db.Administration.UserPermission.PermissionKey": "کلید مجوز",
    "Db.Administration.UserPermission.User": "نام و نام خانوادگی",
    "Db.Administration.UserPermission.UserId": "شناسه کاربری",
    "Db.Administration.UserPermission.Username": "نام کاربری",
    "Db.Administration.UserPermission.UserPermissionId": "شناسه دسترسی کاربری",
    "Db.Administration.UserRole.EntityPlural": "گروه های کاربر",
    "Db.Administration.UserRole.EntitySingular": "گروه کاربر",
    "Db.Administration.UserRole.RoleId": "شناسه گروه کاربری",
    "Db.Administration.UserRole.User": "نام و نام خانوادگی",
    "Db.Administration.UserRole.UserId": "شناسه کاربری",
    "Db.Administration.UserRole.Username": "نام کاربری",
    "Db.Administration.UserRole.UserRoleId": "شناسه گروه کاربری کاربری",
    "Db.Common.UserPreference.EntityPlural": "تنظیمات کاربر",
    "Db.Common.UserPreference.EntitySingular": "تنظیمات کاربر",
    "Db.Common.UserPreference.Name": "نام",
    "Db.Common.UserPreference.PreferenceType": "نوع تنظیم",
    "Db.Common.UserPreference.UserId": "شناسه کاربر",
    "Db.Common.UserPreference.UserPreferenceId": "کد",
    "Db.Common.UserPreference.Value": "مقدار",
    "Db.Shared.RecordId": "شناسه",
    "Enums.CustomFieldType.String": "رشته ای",
    "Forms.Membership.ChangePassword.ConfirmPassword": "تکرار رمز عبور جدید",
    "Forms.Membership.ChangePassword.FormTitle": "تغییر رمز عبور",
    "Forms.Membership.ChangePassword.NewPassword": "رمز عبور جدید",
    "Forms.Membership.ChangePassword.OldPassword": "رمز عبور فعلی",
    "Forms.Membership.ChangePassword.SubmitButton": "تغییر رمز عبور",
    "Forms.Membership.ChangePassword.Success": "رمز عبور شما با موفقیت تغییر یافت.",
    "Forms.Membership.ForgotPassword.Email": "ایمیل",
    "Forms.Membership.ForgotPassword.FormInfo": "لطفا آدرس پست الکترونیک که موقع ثبت نام استفاده کرده اید را وارد کنید.",
    "Forms.Membership.ForgotPassword.FormTitle": "رمز عبور خود را فراموش کرده ام.",
    "Forms.Membership.ForgotPassword.SubmitButton": "رمز عبور من را بازنشانی کنید.",
    "Forms.Membership.ForgotPassword.Success": "یک نامه حاوی لینک بازیابی رمز عبور به آدرس پست الکترونیک شما ارسال گردید.",
    "Forms.Membership.Login.ForgotPassword": "رمز عبور خود را فراموش کرده ام",
    "Forms.Membership.Login.FormTitle": "سیستم امور مشتریان پسماند",
    "Forms.Membership.Login.Password_Placeholder": "لطفا رمز عبور خود را وارد کنید.",
    "Forms.Membership.Login.SignInButton": "ورود",
    "Forms.Membership.Login.SignUpButton": "ثبت نام کاربر جدید",
    "Forms.Membership.Login.Username_Placeholder": "لطفا نام کاربری خود را وارد کنید",
    "Forms.Membership.ResetPassword.ConfirmPassword": "تائید رمز عبور",
    "Forms.Membership.ResetPassword.EmailSubject": "بازیابی رمز عبور شما",
    "Forms.Membership.ResetPassword.FormTitle": "بازنشانی رمز عبور",
    "Forms.Membership.ResetPassword.NewPassword": "رمز عبور جدید",
    "Forms.Membership.ResetPassword.SubmitButton": "بازنشانی رمز عبور",
    "Forms.Membership.ResetPassword.Success": "رمز عبور شما تغییر کرده است. لطفا با رمز عبور جدید خود وارد شوید.",
    "Forms.Membership.SignUp.ActivateEmailSubject": "فعالسازی حساب کاربری شما",
    "Forms.Membership.SignUp.ActivationCompleteMessage": "حساب شما اکنون فعال است. برای ورود به سایت می توانید از پست الکترونیکی و رمز عبور خود استفاده کنید.",
    "Forms.Membership.SignUp.FormInfo": "برای ثبت یک حساب کاربری، اطلاعات خود را وارد نمایید.",
    "Forms.Membership.SignUp.FormTitle": "ثبت نام",
    "Forms.Membership.SignUp.SubmitButton": "ثبت نام",
    "Forms.Membership.SignUp.Success": "یک ایمیل با دستورالعمل به فعال حساب خود را به آدرس ایمیل شما ارسال شود. لطفا ایمیل خود را چک کنید.",
    "Forms.Pasmand.Customer.Categories.Address": "آدرس",
    "Navigation.Administration": "مدیریت",
    "Navigation.Administration/Languages": "زبان ها",
    "Navigation.Administration/Roles": "نقش ها",
    "Navigation.Administration/Translations": "ترجمه ها",
    "Navigation.Administration/User Management": "کاربر",
    "Navigation.Dashboard": "داشبورد",
    "Navigation.LogoutLink": "خروج",
    "Navigation.SiteTitle": "آرامش",
    "Permission.Administration:": "مدیریت",
    "Permission.Administration:Security": "امنیت",
    "Permission.Administration:Translation": "ترجمه",
    "Site.BasicProgressDialog.CancelTitle": "عملیات لغو گردید...",
    "Site.BasicProgressDialog.PleaseWait": "لطفا صبر کنید...",
    "Site.BulkServiceAction.AllHadErrorsFormat": "تمام {0} رکورد پردازش شده دارای خطا هستند!",
    "Site.BulkServiceAction.AllSuccessFormat": "پردازش {0} رکورد با موفقیت خاتمه یافت.",
    "Site.BulkServiceAction.ConfirmationFormat": "عملیات درخواست شده روی {0} رکورد انتخاب شده اجرا گردد ؟",
    "Site.BulkServiceAction.ErrorCount": "{0} خطا",
    "Site.BulkServiceAction.NothingToProcess": "لطفا برای اجرا چند رکورد انتخاب نمایید!",
    "Site.BulkServiceAction.SomeHadErrorsFormat": "پردازش {0} رکورد با موفقیت خاتمه یافت. {1} record(s) had errors!",
    "Site.BulkServiceAction.SuccessCount": "{0} انجام شده",
    "Site.Dashboard.ContentDescription": "داشبورد نمونه",
    "Site.Layout.FooterCopyright": "©2016",
    "Site.Layout.FooterInfo": "پلتفرم آرامش",
    "Site.Layout.FooterRights": "کلیه حقوق این نرم افزار برای تولید کننده محفوظ است.",
    "Site.Layout.GeneralSettings": "تنظیمات عمومی",
    "Site.Layout.Language": "زبان",
    "Site.Layout.Theme": "قالب",
    "Site.Layout.ThemeBlack": "مشکی تیره",
    "Site.Layout.ThemeBlackLight": "مشکی روشن",
    "Site.Layout.ThemeBlue": "آبی تیره",
    "Site.Layout.ThemeBlueLight": "آبی روشن",
    "Site.Layout.ThemeGreen": "سبز تیره",
    "Site.Layout.ThemeGreenLight": "سبز روشن",
    "Site.Layout.ThemePurple": "بنفش تیره",
    "Site.Layout.ThemePurpleLight": "بنفش روشن",
    "Site.Layout.ThemeRed": "سرخ تیره",
    "Site.Layout.ThemeRedLight": "سرخ روشن",
    "Site.Layout.ThemeYellow": "زرد تیره",
    "Site.Layout.ThemeYellowLight": "زرد روشن",
    "Site.RolePermissionDialog.DialogTitle": "ویرایش مجوزهای گروه کاربری ({0})",
    "Site.RolePermissionDialog.EditButton": "ویرایش مجوز ها",
    "Site.RolePermissionDialog.SaveSuccess": "مجوزهای گروه کاربری بروزرسانی گردید.",
    "Site.UserDialog.EditPermissionsButton": "ویرایش مجوزها",
    "Site.UserDialog.EditRolesButton": "ویرایش گروه کاربری ها",
    "Site.UserPermissionDialog.DialogTitle": "ویرایش مجوزهای کاربر ({0})",
    "Site.UserPermissionDialog.Grant": "اعطا",
    "Site.UserPermissionDialog.Permission": "مجوز",
    "Site.UserPermissionDialog.Revoke": "لغو",
    "Site.UserPermissionDialog.SaveSuccess": "مجوزهای کاربر بروزرسانی گردید.",
    "Site.UserRoleDialog.DialogTitle": "ویرایش گروه کاربری های کاربر ({0})",
    "Site.UserRoleDialog.SaveSuccess": "گروه های کاربری بروزرسانی شد.",
    "Site.ValidationError.Title": "خطا",
    "Validation.ArgumentIsNull": "آرگومان {0} تهی است!",
    "Validation.ArgumentOutOfRange": "آرگومان {0} خارج از بازه مقادیر مجاز است!",
    "Validation.AuthenticationError": "نام کاربری یا رمز عبور شما نامعتبر است !",
    "Validation.CantFindUserWithEmail": "با این آدرس ایمیل کاربری یافت نشد!",
    "Validation.CaptchaMismatch": "کد وارد شده اشتباه است. در صورتی که حروف داده شده خوانا نیستند، شما می توانید با کلیک بر روی عکس یک کد جدید ایجاد کنید.",
    "Validation.CurrentPasswordMismatch": "رمز عبور فعلی شما نامعتبر است!",
    "Validation.DateInvalid": "لطفا یک تاریخ معتبر وارد کنید.",
    "Validation.DayHourAndMin": "لطفا یک زمان معتبر وارد کنید (e.g. 2.15:30)",
    "Validation.Decimal": "لطفا یک مقدار عددی معتبر وارد کنید.",
    "Validation.DeleteForeignKeyError": "امکان حذف رکورد میسر نیست. '{0}' جدول حاوی رکوردهایی است که به رکورد مورد نظر وابسته می باشند!",
    "Validation.Digits": "لطفا فقط ارقام 0-9 وارد نمایید.",
    "Validation.Email": "لطفا یک آدرس ایمیل معتبر وارد نمایی.",
    "Validation.EmailConfirm": "ایمیل وارد شده مطابقت ندارد!",
    "Validation.EmailExists": "با این آدرس ایمیل کاربر دیگری ثبت شده وجود دارد. اگر شما رمز عبور خود را به یاد ندارید، با استفاده از فرم رمز عبور را فراموش کردم آن را بازیابی کنید.",
    "Validation.EmailInUse": "کاربر دیگری با این ایمیل وجود دارد!",
    "Validation.EmailMultiple": "لطفا یک آدرس ایمیل معتبر وارد کنید (اگر بیش از یک آدرس است، با استفاده از '؛' به عنوان جداکننده آنها را وارد کنید)",
    "Validation.EntityForeignKeyViolation": "قبل از حذف این رکورد باید {0} رکورد وابسته به آنرا حذف نمایید!",
    "Validation.EntityHasDeletedParent": "قبل از عملیات روی این رکورد، ابتدا رکورد والد آن باید حذف گردد!",
    "Validation.EntityIsNotActive": "امکان انجام عملیات درخواستی روی {0} رکورد مقدور نیست!",
    "Validation.EntityNotFound": "سابقه ای یافت نشد. ممکن است حذف شده و یا شما مجوز مورد نیاز را ندارید!",
    "Validation.EntityReadAccessViolation": "شما مجوز لازم برای مشاهده {0} رکورد با کلید: {1} را ندارید.",
    "Validation.EntityWriteAccessViolation": "شما مجوز لازم برای ویرایش {0} رکورد با کلید: {1} را ندارید.",
    "Validation.FieldInvalidDateRange": "مقدار فیلد {0} نمی تواند قبل از تاریخ {1} باشد!",
    "Validation.FieldInvalidValue": "مقدار {0} برای فیلد {1} نامعتبر است!",
    "Validation.FieldIsReadOnly": "{0} فیلد فقط-خواندنی است!",
    "Validation.FieldIsRequired": "{0} فیلد مورد نیاز است!",
    "Validation.HourAndMin": "لطفا یک زمان معتبر وارد کنید (e.g. 15:30)",
    "Validation.IncorrectPassword": "رمز عبور اشتباه است. لطفا بررسی کنید.",
    "Validation.Integer": "لطفا یک مقدار عدد صحیح وارد کنید.",
    "Validation.InvalidActivateToken": "مهلت کلید فعالسازی حساب شما نامعتبر است و یا تمام شده است!",
    "Validation.InvalidFormMessage": "مدیر ورودی خالی است و یا نامعتبر (مشخص شده با رنگ قرمز) اعتبار قبل از ارسال فرم.",
    "Validation.InvalidResetToken": "شناسه تولید شده برای بازیابی رمز عبور شما از درجه اعتبار ساقط شده است. لطفا برای بازیابی رمز عبور دوباره اقدام فرمایید!",
    "Validation.MaxDate": "لطفا یک تاریخ قبل از '{0}' وارد کنید.",
    "Validation.MaxLength": "لطفا بیش از {0} حرف وارد نکنید.",
    "Validation.MinDate": "لطفا یک تاریخ بعد از '{0}' وارد کنید.",
    "Validation.MinLength": "لطفا بیشتر از {0} حرف وارد کنید.",
    "Validation.MinRequiredPasswordLength": "تعداد حروف وارد شده برای رمز عبور کمتر از کمینه مجاز است (حداقل {0} حرف)!",
    "Validation.PasswordConfirm": "رمز عبور وارد شده مطابقت ندارد.",
    "Validation.Range": "لطفا یک مقدار معتبر بین {0} و {1} وارد کنید.",
    "Validation.Recaptcha": "لطفا تائید کنید که شما یک روبوت نیستید!",
    "Validation.RequestIsNull": "درخواست خالي است !",
    "Validation.Required": "ورود مقدار برای این فیلد ضروری است.",
    "Validation.SavePrimaryKeyError": "نمی توان رکورد را ذخیره کرد. یک رکورد دیگر با مقدار {1} وجود دارد!",
    "Validation.UnexpectedError": "یک خطای پیش بینی نشده رخ داده است!",
    "Validation.UniqueConstraint": "ركورد  ديگري با همان ارزش وجود دارد",
    "Validation.UniqueViolation": "مقدار وارد شده تکراری است.",
    "Validation.Url": "لطفا آدرس URL معتبر وارد كنيد (e.g. http://www.site.com).",
    "Validation.Username": "نام کاربری معتبر نیست.",
    "Validation.UsernameExists": "نام کاربری وارد شده قبلا استفاده شده است. لطفا از یک نام دیگر استفاده کنید.",
    "Validation.Xss": "مقدار نامعتبر! (لطفا از علائم '&lt;'  و '&amp;' استفاده نکنید)"
}
