﻿{
    "Db.Administration.Language.EntityPlural": "Idiomas",
    "Db.Administration.Language.EntitySingular": "idioma",
    "Db.Administration.Language.Id": "Id",
    "Db.Administration.Language.LanguageId": "Id do idioma",
    "Db.Administration.Language.LanguageName": "Nome do idioma",
    "Db.Administration.Role.EntityPlural": "Perfis",
    "Db.Administration.Role.EntitySingular": "perfil",
    "Db.Administration.Role.RoleId": "Id do perfil",
    "Db.Administration.Role.RoleName": "Nome do perfil",
    "Db.Administration.RolePermission.EntityPlural": "Permissões do perfil",
    "Db.Administration.RolePermission.EntitySingular": "Permissão do perfil",
    "Db.Administration.RolePermission.PermissionKey": "Chave da permissão",
    "Db.Administration.RolePermission.RoleId": "Id do perfil",
    "Db.Administration.RolePermission.RolePermissionId": "ID da permissão do perfil",
    "Db.Administration.RolePermission.RoleRoleName": "Nome do perfil do perfil",
    "Db.Administration.Translation.CustomText": "Tradução do utilizador no idioma alvo",
    "Db.Administration.Translation.EntityPlural": "Traduções",
    "Db.Administration.Translation.Key": "Chave de texto local",
    "Db.Administration.Translation.OverrideConfirmation": "Reescrever tradução do utilizador com texto selecionado?",
    "Db.Administration.Translation.SaveChangesButton": "Gravar alterações",
    "Db.Administration.Translation.SourceLanguage": "Idioma original",
    "Db.Administration.Translation.SourceText": "Tradução efectiva no idioma original",
    "Db.Administration.Translation.TargetLanguage": "Idioma alvo",
    "Db.Administration.Translation.TargetText": "Tradução efectiva no idioma alvo",
    "Db.Administration.User.DisplayName": "Nome apresentado",
    "Db.Administration.User.Email": "Email",
    "Db.Administration.User.EntityPlural": "Utilizadores",
    "Db.Administration.User.EntitySingular": "utilizador",
    "Db.Administration.User.LastDirectoryUpdate": "Ultima directoria atualizada",
    "Db.Administration.User.Password": "Password",
    "Db.Administration.User.PasswordConfirm": "Confirmar password",
    "Db.Administration.User.PasswordHash": "Pasword Hash",
    "Db.Administration.User.PasswordSalt": "Password Salt",
    "Db.Administration.User.Source": "Fonte",
    "Db.Administration.User.UserId": "Id do utilizador",
    "Db.Administration.User.Username": "Nome do utilizador",
    "Db.Administration.UserPermission.PermissionKey": "Chave de permissão",
    "Db.Administration.UserPermission.User": "Nome de apresentação do utilizador",
    "Db.Administration.UserPermission.UserId": "Id do utilizador",
    "Db.Administration.UserPermission.Username": "Nome do utilizador",
    "Db.Administration.UserPermission.UserPermissionId": "Id da permissão do utilizador",
    "Db.Administration.UserRole.RoleId": "Id do perfil",
    "Db.Administration.UserRole.User": "Nome de apresentação do utilizador",
    "Db.Administration.UserRole.UserId": "Id do utilizador",
    "Db.Administration.UserRole.Username": "Nome do utilizador",
    "Db.Administration.UserRole.UserRoleId": "Id do perfil do utilizador",
    "Forms.Membership.ChangePassword.ConfirmPassword": "Confirme a password",
    "Forms.Membership.ChangePassword.FormTitle": "Alterar password",
    "Forms.Membership.ChangePassword.NewPassword": "Nova password",
    "Forms.Membership.ChangePassword.OldPassword": "Password antiga",
    "Forms.Membership.ChangePassword.SubmitButton": "Alterar password",
    "Forms.Membership.ChangePassword.Success": "A sua password foi alterada",
    "Forms.Membership.ForgotPassword.Email": "Email",
    "Forms.Membership.ForgotPassword.FormInfo": "Por favor insira o email usado para o registo.",
    "Forms.Membership.ForgotPassword.FormTitle": "Esqueci a minha password",
    "Forms.Membership.ForgotPassword.SubmitButton": "Reset à minha password",
    "Forms.Membership.ForgotPassword.Success": "Foi enviada uma mensagem com as instruções para definir uma nova password para o seu email!",
    "Forms.Membership.Login.ForgotPassword": "esqueci a minha password?",
    "Forms.Membership.Login.FormTitle": "Bem-vindo á plataforma SERENE",
    "Forms.Membership.Login.SignInButton": "Entrar",
    "Forms.Membership.Login.SignUpButton": "registar uma nova conta",
    "Forms.Membership.ResetPassword.EmailSubject": "Definir nova password do Indotalent",
    "Forms.Membership.ResetPassword.FormTitle": "Password definida",
    "Forms.Membership.ResetPassword.SubmitButton": "Password definida",
    "Forms.Membership.ResetPassword.Success": "A sua password foi alterada. Faça login com a nova password.",
    "Forms.Membership.SignUp.ActivateEmailSubject": "Ative a sua conta Indotalent",
    "Forms.Membership.SignUp.ActivationCompleteMessage": "A sua conta encontra-se ativada. Use o email e password usados aquando do registo.",
    "Forms.Membership.SignUp.FormInfo": "Insira os seus detalhes para cria uma conta gratuita.",
    "Forms.Membership.SignUp.FormTitle": "Registe no Indotalent",
    "Forms.Membership.SignUp.SubmitButton": "Registe",
    "Forms.Membership.SignUp.Success": "Foi enviada uma mensagem com as instruções de ativação da sua conta para o seu email. Por favor confirme a sua caixa de correio.",
    "Navigation.Administration": "Administração",
    "Navigation.Administration/Languages": "Idiomas",
    "Navigation.Administration/Roles": "Perfis",
    "Navigation.Administration/Translations": "Traduções",
    "Navigation.Administration/User Management": "Gestão de utilizador",
    "Navigation.Dashboard": "Painel de instrumentos",
    "Navigation.LogoutLink": "Logout",
    "Permission.Administration:": "Administração",
    "Permission.Administration:Security": "Utilizador, gestão de perfil e permissões",
    "Permission.Administration:Translation": "Idiomas e traduções",
    "Site.BasicProgressDialog.CancelTitle": "Operação cancelada. Aguardando pelo término de chamadas em progresso...",
    "Site.BasicProgressDialog.PleaseWait": "Por favor aguarde...",
    "Site.BulkServiceAction.AllHadErrorsFormat": "Todos {0} registo(s) processados tiveram erro(s)!",
    "Site.BulkServiceAction.AllSuccessFormat": "Terminou o processamento em {0} registo(s) com sucesso!",
    "Site.BulkServiceAction.ConfirmationFormat": "Realizar esta operação em {0} registo(s) selecionados?",
    "Site.BulkServiceAction.ErrorCount": "{0} erro(s)",
    "Site.BulkServiceAction.NothingToProcess": "Selecione alguns registos para processar!",
    "Site.BulkServiceAction.SomeHadErrorsFormat": "Terminou o processamento em {0} registo(s) com sucesso! {1} registo(s) com erro(s)!",
    "Site.BulkServiceAction.SuccessCount": "{0} realizado",
    "Site.Dashboard.ContentDescription": "uma demo com dados de exemplo (do gratuito <em><a href = \"https://almsaeedstudio.com/\" target= \"_blank\">AdminLTE tema</a></em>)",
    "Site.Dashboard.WelcomeMessage": "Bem-vindo",
    "Site.Layout.FooterCopyright": "Copyright (c) 2015.",
    "Site.Layout.FooterInfo": "Plataforma Serenity",
    "Site.Layout.FooterRights": "Todos os direitos reservados.",
    "Site.Layout.GeneralSettings": "Configurações Gerais",
    "Site.Layout.Language": "Idioma",
    "Site.Layout.Theme": "Tema",
    "Site.Layout.ThemeBlack": "Escuro",
    "Site.Layout.ThemeBlackLight": "Escuro claro",
    "Site.Layout.ThemeBlue": "Azul",
    "Site.Layout.ThemeBlueLight": "Azul claro",
    "Site.Layout.ThemeGreen": "Verde",
    "Site.Layout.ThemeGreenLight": "Verde claro",
    "Site.Layout.ThemePurple": "Roxo",
    "Site.Layout.ThemePurpleLight": "Roxo claro",
    "Site.Layout.ThemeRed": "Vermelho",
    "Site.Layout.ThemeRedLight": "Vermelho claro",
    "Site.Layout.ThemeYellow": "Amarelo",
    "Site.Layout.ThemeYellowLight": "Amarelo claro",
    "Site.RolePermissionDialog.DialogTitle": "Editar permissões do perfil ({0})",
    "Site.RolePermissionDialog.EditButton": "Editar permissões",
    "Site.RolePermissionDialog.SaveSuccess": "Atualizar permissões do perfil.",
    "Site.UserDialog.EditPermissionsButton": "Editar permissões",
    "Site.UserDialog.EditRolesButton": "Editar perfis",
    "Site.UserPermissionDialog.DialogTitle": "Editar permissões do utilizador ({0})",
    "Site.UserPermissionDialog.Grant": "Conceder",
    "Site.UserPermissionDialog.Permission": "Permissão",
    "Site.UserPermissionDialog.Revoke": "Revogar",
    "Site.UserPermissionDialog.SaveSuccess": "Atualizar permissões do utilizador",
    "Site.UserRoleDialog.DialogTitle": "Editar permissões do utilizador ({0})",
    "Site.UserRoleDialog.SaveSuccess": "Atualizar permissões do utilizador",
    "Site.ValidationError.Title": "ERRO",
    "Validation.CantFindUserWithEmail": "Não existe nenhum utilizador com esse endereço de e-mail!",
    "Validation.CurrentPasswordMismatch": "A sua password atual não é válida!",
    "Validation.DeleteForeignKeyError": "Não é possível eliminar o registo. '{0}' tabela tem registos de que dependes deste!",
    "Validation.EmailConfirm": "Emails inseridos não são iguais!",
    "Validation.EmailInUse": "Existe outro utilizador com este email!",
    "Validation.InvalidActivateToken": "O token para ativar sua conta é inválido ou expirou!",
    "Validation.InvalidResetToken": "Your token to reset your password is invalid or has expired!",
    "Validation.MinRequiredPasswordLength": "Password inserida não tem caracteres suficientes (min {0})!",
    "Validation.PasswordConfirm": "Password inserida não corresponde.",
    "Validation.SavePrimaryKeyError": "Não é possível guardar o registo. Há um outro registo com a mesmo {1} valor!"
}