{
  "Db.Administration.Language.EntityPlural": "Языки",
  "Db.Administration.Language.EntitySingular": "Язык",
  "Db.Administration.Language.Id": "Код",
  "Db.Administration.Language.LanguageId": "Код языка",
  "Db.Administration.Language.LanguageName": "Название языка",
  "Db.Administration.Role.EntityPlural": "Роли",
  "Db.Administration.Role.EntitySingular": "Роль",
  "Db.Administration.Role.RoleId": "Код роли",
  "Db.Administration.Role.RoleName": "Название роли",
  "Db.Administration.RolePermission.EntityPlural": "Разрешения роли",
  "Db.Administration.RolePermission.EntitySingular": "Разрешение роли",
  "Db.Administration.RolePermission.PermissionKey": "Ключ разрешения",
  "Db.Administration.RolePermission.RoleId": "Код роли",
  "Db.Administration.RolePermission.RolePermissionId": "Код разрешения роли",
  "Db.Administration.RolePermission.RoleRoleName": "Название разрешения роли",
  "Db.Administration.Translation.CustomText": "Перевод пользователя на языке назначения",
  "Db.Administration.Translation.EntityPlural": "Переводы",
  "Db.Administration.Translation.Key": "Текстовый ключ",
  "Db.Administration.Translation.OverrideConfirmation": "Перезаписать перевод пользователя текстом под курсором?",
  "Db.Administration.Translation.SaveChangesButton": "Записать изменения",
  "Db.Administration.Translation.SourceLanguage": "Исходный язык",
  "Db.Administration.Translation.SourceText": "Текст на исходном языке",
  "Db.Administration.Translation.TargetLanguage": "Язык назначения",
  "Db.Administration.Translation.TargetText": "Перевод на языке назначения",
  "Db.Administration.User.DisplayName": "Отображаемое имя",
  "Db.Administration.User.Email": "Email",
  "Db.Administration.User.EntityPlural": "Пользователи",
  "Db.Administration.User.EntitySingular": "Пользователь",
  "Db.Administration.User.LastDirectoryUpdate": "Последнее обновление",
  "Db.Administration.User.Password": "Пароль",
  "Db.Administration.User.PasswordConfirm": "Подтвердите пароль",
  "Db.Administration.User.PasswordHash": "Хэш пароля",
  "Db.Administration.User.PasswordSalt": "Соль пароля",
  "Db.Administration.User.Source": "Источник",
  "Db.Administration.User.UserId": "Код пользователя",
  "Db.Administration.User.UserImage": "Аватар",
  "Db.Administration.User.Username": "Имя пользователя",
  "Db.Administration.UserPermission.EntityPlural": "Пользовательские разрешения",
  "Db.Administration.UserPermission.EntitySingular": "Права пользователя",
  "Db.Administration.UserPermission.Granted": "Разрешить",
  "Db.Administration.UserPermission.PermissionKey": "Ключ разрешения",
  "Db.Administration.UserPermission.User": "Пользователь",
  "Db.Administration.UserPermission.UserId": "Код пользователя",
  "Db.Administration.UserPermission.Username": "Имя пользователя",
  "Db.Administration.UserPermission.UserPermissionId": "Код разрешения",
  "Db.Administration.UserRole.EntityPlural": "Роли пользователя",
  "Db.Administration.UserRole.EntitySingular": "Роль пользователя",
  "Db.Administration.UserRole.RoleId": "Код роли",
  "Db.Administration.UserRole.User": "Пользователь",
  "Db.Administration.UserRole.UserId": "Код пользователя",
  "Db.Administration.UserRole.Username": "Имя пользователя",
  "Db.Administration.UserRole.UserRoleId": "Код роли пользователя",
  "Db.Common.UserPreference.EntityPlural": "Настройки пользователя",
  "Db.Common.UserPreference.EntitySingular": "Настройка",
  "Db.Common.UserPreference.Name": "Наименование",
  "Db.Common.UserPreference.PreferenceType": "Тип настройки",
  "Db.Common.UserPreference.UserId": "Код пользователя",
  "Db.Common.UserPreference.UserPreferenceId": "Код",
  "Db.Common.UserPreference.Value": "Значение",
  "Forms.Membership.ChangePassword.ConfirmPassword": "Подтвердите пароль",
  "Forms.Membership.ChangePassword.FormTitle": "Смена пароля",
  "Forms.Membership.ChangePassword.NewPassword": "Новый пароль",
  "Forms.Membership.ChangePassword.OldPassword": "Старый пароль",
  "Forms.Membership.ChangePassword.SubmitButton": "Изменить пароль",
  "Forms.Membership.ChangePassword.Success": "Ваш пароль изменён.",
  "Forms.Membership.ForgotPassword.BackToLogin": "Я вспомнил пароль",
  "Forms.Membership.ForgotPassword.Email": "Email",
  "Forms.Membership.ForgotPassword.FormInfo": "Введите email, используемый при регистрации.",
  "Forms.Membership.ForgotPassword.FormTitle": "Восстановление пароля",
  "Forms.Membership.ForgotPassword.SubmitButton": "Сброс пароля",
  "Forms.Membership.ForgotPassword.Success": "Письмо с инструкцией по восстановлению пароля выслано на ваш email-адрес.",
  "Forms.Membership.Login.FacebookButton": "Войти, используя Facebook",
  "Forms.Membership.Login.ForgotPassword": "Забыли пароль?",
  "Forms.Membership.Login.FormTitle": "Добро пожаловать",
  "Forms.Membership.Login.GoogleButton": "Войти, используя Google+",
  "Forms.Membership.Login.OR": "или",
  "Forms.Membership.Login.Password_Placeholder": "Пароль",
  "Forms.Membership.Login.RememberMe": "Запомнить меня",
  "Forms.Membership.Login.SignInButton": "Войти",
  "Forms.Membership.Login.SignUpButton": "Регистрация",
  "Forms.Membership.Login.Username_Placeholder": "Пользователь",
  "Forms.Membership.ResetPassword.BackToLogin": "Я вспомнил пароль. Не сбрасывайте его!",
  "Forms.Membership.ResetPassword.ConfirmPassword": "Подтвердите пароль",
  "Forms.Membership.ResetPassword.EmailSubject": "Сброс пароля",
  "Forms.Membership.ResetPassword.FormTitle": "Сброс пароля",
  "Forms.Membership.ResetPassword.NewPassword": "Новый пароль",
  "Forms.Membership.ResetPassword.SubmitButton": "Сбросить пароль",
  "Forms.Membership.ResetPassword.Success": "Ваш пароль изменён. Войдите с вашим новым паролем.",
  "Forms.Membership.SignUp.AcceptTerms": "Я согласен с условиями",
  "Forms.Membership.SignUp.ActivateEmailSubject": "Активация вашего аккаунта",
  "Forms.Membership.SignUp.ActivationCompleteMessage": "Ваш аккаунт активирован. Используйте ваш логин и пароль для входа.",
  "Forms.Membership.SignUp.BackToLogin": "У меня уже есть аккаунт.",
  "Forms.Membership.SignUp.ConfirmEmail": "Подтвердите email",
  "Forms.Membership.SignUp.ConfirmPassword": "Подтвердите пароль",
  "Forms.Membership.SignUp.DisplayName": "Полное имя",
  "Forms.Membership.SignUp.Email": "E-mail",
  "Forms.Membership.SignUp.FormInfo": "Введите ваши данные для создания аккаунта.",
  "Forms.Membership.SignUp.FormTitle": "Регистрация",
  "Forms.Membership.SignUp.Password": "Пароль",
  "Forms.Membership.SignUp.SubmitButton": "Регистрация",
  "Forms.Membership.SignUp.Success": "Письмо с инструкцией по активации вашего аккаунта отправлено на ваш email-адрес. Пожалуйста, проверьте вашу почту.",
  "Navigation.Administration": "Администрирование",
  "Navigation.Administration/Exceptions Log": "Лог исключений",
  "Navigation.Administration/Languages": "Языки",
  "Navigation.Administration/Roles": "Роли",
  "Navigation.Administration/Translations": "Переводы",
  "Navigation.Administration/User Management": "Управление пользователями",
  "Navigation.Dashboard": "Панель информации",
  "Navigation.LogoutLink": "Выйти",
  "Permission.Administration:": "Администрирование",
  "Permission.Administration: dịch": "Переводы",
  "Permission.Administration: Security": "Безопасность",
  "Permission.Administration:Security": "Управление пользователями, роли и разрешения",
  "Permission.Administration:Translation": "Языки и переводы",
  "Site.BasicProgressDialog.CancelTitle": "Операция отменена. Ожидайте завершения...",
  "Site.BasicProgressDialog.PleaseWait": "Пожалуйста, подождите...",
  "Site.BulkServiceAction.AllHadErrorsFormat": "{0} записей обработаны с ошибкой!",
  "Site.BulkServiceAction.AllSuccessFormat": "{0} записей успешно обработаны.",
  "Site.BulkServiceAction.ConfirmationFormat": "Выполнить операцию для {0} выделенных записей?",
  "Site.BulkServiceAction.ErrorCount": "{0} ошибок",
  "Site.BulkServiceAction.NothingToProcess": "Пожалуйста, выделите записи для обработки!",
  "Site.BulkServiceAction.SomeHadErrorsFormat": "Обработка {0} записей завершена успешно. {1} записей содержат ошибки!",
  "Site.BulkServiceAction.SuccessCount": "{0} выполнено",
  "Site.Dashboard.ContentDescription": "Пример со случайными данными (from free <em><a href = \"https://almsaeedstudio.com/\" target= \"_blank\">AdminLTE theme</a></em>)",
  "Site.Dashboard.WelcomeMessage": "Добро пожаловать!",
  "Site.Layout.FooterCopyright": "Copyright (c) 2015.",
  "Site.Layout.FooterInfo": "Платформа Serenity",
  "Site.Layout.FooterRights": "Все права зарезервированы.",
  "Site.Layout.GeneralSettings": "Основные настройки",
  "Site.Layout.Language": "Язык",
  "Site.Layout.Theme": "Тема",
  "Site.Layout.ThemeBlack": "Чёрная",
  "Site.Layout.ThemeBlackLight": "Светло-чёрная",
  "Site.Layout.ThemeBlue": "Голубая",
  "Site.Layout.ThemeBlueLight": "Светло-голубая",
  "Site.Layout.ThemeGreen": "Зелёная",
  "Site.Layout.ThemeGreenLight": "Светло-зелёная",
  "Site.Layout.ThemePurple": "Пурпурная",
  "Site.Layout.ThemePurpleLight": "Светло-пурпурная",
  "Site.Layout.ThemeRed": "Красная",
  "Site.Layout.ThemeRedLight": "Светло-красная",
  "Site.Layout.ThemeYellow": "Жёлтая",
  "Site.Layout.ThemeYellowLight": "Светло-жёлтая",
  "Site.RolePermissionDialog.DialogTitle": "Редактирование разрешений роли ({0})",
  "Site.RolePermissionDialog.EditButton": "Редактирование разрешений",
  "Site.RolePermissionDialog.SaveSuccess": "Разрешения роли обновлены.",
  "Site.UserDialog.EditPermissionsButton": "Редактировать разрешения",
  "Site.UserDialog.EditRolesButton": "Редактировать роли",
  "Site.UserPermissionDialog.DialogTitle": "Редактирование разрешений пользователя ({0})",
  "Site.UserPermissionDialog.Grant": "Доступ",
  "Site.UserPermissionDialog.Permission": "Разрешение",
  "Site.UserPermissionDialog.Revoke": "Запрет",
  "Site.UserPermissionDialog.SaveSuccess": "Разрешения пользователя обновлены.",
  "Site.UserRoleDialog.DialogTitle": "Редактирование ролей пользователя ({0})",
  "Site.UserRoleDialog.SaveSuccess": "Роли пользователя обновлены.",
  "Site.ValidationError.Title": "Ошибка",
  "Validation.CantFindUserWithEmail": "Пользователь с данным адресом e-mail не найден!",
  "Validation.CaptchaMismatch": "Некорректный код. Вы можете сгенерировать новый, кликнув по изображению, если символы плохо читаются.",
  "Validation.InvalidActivateToken": "Токен активации аккаунта некорректен или просрочен!"
}