﻿{
  "Db.Administration.Language.EntityPlural": "Diller",
  "Db.Administration.Language.EntitySingular": "Dil",
  "Db.Administration.Language.Id": "ID",
  "Db.Administration.Language.LanguageId": "Dil ID",
  "Db.Administration.Language.LanguageName": "Dil Adı",
  "Db.Administration.Role.EntityPlural": "Roller",
  "Db.Administration.Role.EntitySingular": "Rol",
  "Db.Administration.Role.RoleId": "Rol ID",
  "Db.Administration.Role.RoleName": "Rol Adı",
  "Db.Administration.RolePermission.EntityPlural": "Rol Hakları",
  "Db.Administration.RolePermission.EntitySingular": "Rol Hakkı",
  "Db.Administration.RolePermission.PermissionKey": "Hak Kodu",
  "Db.Administration.RolePermission.RoleId": "Rol ID",
  "Db.Administration.RolePermission.RolePermissionId": "Rol Hak ID",
  "Db.Administration.Translation.CustomText": "Hedef Dildeki Kullanıcı Çevirisi",
  "Db.Administration.Translation.EntityPlural": "Çeviriler",
  "Db.Administration.Translation.Key": "Yerel Metin Anahtarı",
  "Db.Administration.Translation.OverrideConfirmation": "Çeviri tıklanan metin ile ezilsin mi?",
  "Db.Administration.Translation.SaveChangesButton": "Değişiklikleri Kaydet",
  "Db.Administration.Translation.SourceLanguage": "Kaynak Dil",
  "Db.Administration.Translation.SourceText": "Kaynak Dildeki Etkin Çeviri",
  "Db.Administration.Translation.TargetLanguage": "Hedef Dil",
  "Db.Administration.Translation.TargetText": "Hedef Dildeki Etkin Çeviri",
  "Db.Administration.User.DisplayName": "Görünen İsim",
  "Db.Administration.User.Email": "E-posta",
  "Db.Administration.User.EntityPlural": "Kullanıcılar",
  "Db.Administration.User.EntitySingular": "Kullanıcı",
  "Db.Administration.User.Password": "Şifre",
  "Db.Administration.User.PasswordConfirm": "Şifre Onay",
  "Db.Administration.User.PasswordHash": "Şifre Hash",
  "Db.Administration.User.PasswordSalt": "Şifre Salt",
  "Db.Administration.User.Source": "Kaynak",
  "Db.Administration.User.UserId": "Kullanıcı ID",
  "Db.Administration.User.Username": "Kullanıcı Adı",
  "Db.Shared.RecordId": "Kayıt No",
  "Forms.Membership.ChangePassword.ConfirmPassword": "Şifre Onay",
  "Forms.Membership.ChangePassword.FormTitle": "Şifre Değiştir",
  "Forms.Membership.ChangePassword.NewPassword": "Yeni Şifre",
  "Forms.Membership.ChangePassword.OldPassword": "Eski Şifre",
  "Forms.Membership.ChangePassword.SubmitButton": "Şifre Değiştir",
  "Forms.Membership.ChangePassword.Success": "Şifreniz değiştirildi.",
  "Forms.Membership.ForgotPassword.Email": "E-Posta Adresi",
  "Forms.Membership.ForgotPassword.FormInfo": "Lütfen kaydolurken kullandığınız e-posta adresinizi giriniz.",
  "Forms.Membership.ForgotPassword.FormTitle": "Şifremi Unuttum",
  "Forms.Membership.ForgotPassword.SubmitButton": "Şifremi Sıfırla",
  "Forms.Membership.ForgotPassword.Success": "Şifre sıfırlama direktiflerini içeren bir mesaj e-posta adresinize gönderildi.",
  "Forms.Membership.Login.ForgotPassword": "şifremi unuttum?",
  "Forms.Membership.Login.FormTitle": "SERENE'ye Hoşgeldiniz (Serenity Uygulama Şablonu)",
  "Forms.Membership.Login.Password_Placeholder": "varsayılan şifre 'serenity'",
  "Forms.Membership.Login.SignInButton": "Giriş",
  "Forms.Membership.Login.Username_Placeholder": "varsayılan kullanıcı adı 'admin'",
  "Forms.Membership.ResetPassword.ConfirmPassword": "Şifre Onay",
  "Forms.Membership.ResetPassword.EmailSubject": "Indotalent Şifrenizi Sıfırlayın",
  "Forms.Membership.ResetPassword.FormTitle": "Şifremi Sıfırla",
  "Forms.Membership.ResetPassword.NewPassword": "Yeni Şifre",
  "Forms.Membership.ResetPassword.SubmitButton": "Şifremi Sıfırla",
  "Forms.Membership.ResetPassword.Success": "Şifreniz değiştirildi. Lütfen yeni şifrenizle giriş yapınız.",
  "Navigation.Administration": "Yönetim",
  "Navigation.Administration/Languages": "Diller",
  "Navigation.Administration/Roles": "Roller",
  "Navigation.Administration/Translations": "Çeviriler",
  "Navigation.Administration/User Management": "Kullanıcı Yönetimi",
  "Navigation.Dashboard": "Ana Sayfa",
  "Navigation.LogoutLink": "Çıkış yap",
  "Navigation.SiteTitle": "Indotalent",
  "Permission.Administration:": "Sistem Yönetimi",
  "Permission.Administration:Security": "Kullanıcı, Rol Yönetimi ve Haklandırma",
  "Permission.Administration:Translation": "Diller ve Çeviriler",
  "Site.BasicProgressDialog.CancelTitle": "İşlem iptal edildi. Devam eden işlemin sonuçlanması bekleniyor...",
  "Site.BasicProgressDialog.PleaseWait": "Lütfen bekleyiniz...",
  "Site.BulkServiceAction.AllHadErrorsFormat": "İşlem yapılmak istenen {0} kayıtta hata alındı!",
  "Site.BulkServiceAction.AllSuccessFormat": "{0} kayıt üzerinde başarıyla işlem yapıldı.",
  "Site.BulkServiceAction.ConfirmationFormat": "Seçilen {0} kayıtta bu işlemi gerçekleştirmek istiyor musunuz?",
  "Site.BulkServiceAction.ErrorCount": "{0} hatalı",
  "Site.BulkServiceAction.NothingToProcess": "Lütfen işlem yapılacak kayıtları seçiniz!",
  "Site.BulkServiceAction.SomeHadErrorsFormat": "{0} kayıt üzerinde başarıyla işlem yapıldı. {1} kayıtta hata alındı!",
  "Site.BulkServiceAction.SuccessCount": "{0} başarılı",
  "Site.Dashboard.ContentDescription": "rastgele veriler içeren bir örnek (ücretsiz <a href='https://almsaeedstudio.com/' target='_blank'>AdminLTE teması<\/a><\/em>)",
  "Site.Layout.GeneralSettings": "Genel Ayarlar",
  "Site.Layout.Language": "Dil",
  "Site.Layout.Theme": "Tema",
  "Site.Layout.ThemeBlack": "Siyah",
  "Site.Layout.ThemeBlackLight": "Siyah (Açık)",
  "Site.Layout.ThemeBlue": "Mavi",
  "Site.Layout.ThemeBlueLight": "Mavi (Açık)",
  "Site.Layout.ThemeGreen": "Yeşil",
  "Site.Layout.ThemeGreenLight": "Yeşil (Açık)",
  "Site.Layout.ThemePurple": "Mor",
  "Site.Layout.ThemePurpleLight": "Mor (Açık)",
  "Site.Layout.ThemeRed": "Kırmızı",
  "Site.Layout.ThemeRedLight": "Kırmızı (Açık)",
  "Site.Layout.ThemeYellow": "Sarı",
  "Site.Layout.ThemeYellowLight": "Sarı (Açık)",
  "Site.RolePermissionDialog.DialogTitle": "Rol Haklarını Düzenle ({0})",
  "Site.RolePermissionDialog.EditButton": "Hakları Düzenle",
  "Site.RolePermissionDialog.SaveSuccess": "Rol hakları güncellendi.",
  "Site.UserDialog.EditPermissionsButton": "Hakları Düzenle",
  "Site.UserDialog.EditRolesButton": "Rolleri Düzenle",
  "Site.UserPermissionDialog.DialogTitle": "Kullanıcı Haklarını Düzenle ({0})",
  "Site.UserPermissionDialog.Grant": "İzin Ver",
  "Site.UserPermissionDialog.Permission": "Yetki Adı",
  "Site.UserPermissionDialog.Revoke": "Yasakla",
  "Site.UserPermissionDialog.SaveSuccess": "Kullanıcı hakları güncellendi.",
  "Site.UserRoleDialog.DialogTitle": "Kullanıcı Rollerini Düzenle ({0})",
  "Site.UserRoleDialog.SaveSuccess": "Kullanıcı rolleri güncellendi.",
  "Site.ValidationError.Title": "HATA",
  "Validation.AuthenticationError": "Geçersiz kullanıcı adı ya da şifre!",
  "Validation.CantFindUserWithEmail": "Bu e-posta adresiyle kayıtlı kullanıcı bulunamadı!",
  "Validation.CurrentPasswordMismatch": "Geçerli şifreniz doğru değil!",
  "Validation.DeleteForeignKeyError": "Kayıt silinemiyor. '{0}' tablosunda bu kayda bağlı veriler var!",
  "Validation.MinRequiredPasswordLength": "Girilen şifre yeterli uzunlukta değil (en az {0})!",
  "Validation.SavePrimaryKeyError": "Kayıt yapılamıyor. Aynı {1} değerine sahip başka bir kayıt var!"
}