﻿{
  "Db.BasicSamples.DragDropSample.EntityPlural": "Phần tử cây",
  "Db.BasicSamples.DragDropSample.EntitySingular": "Phần tử cây",
  "Db.BasicSamples.DragDropSample.ParentId": "Cấp trên",
  "Db.BasicSamples.DragDropSample.Title": "Tiêu đề",
  "Db.BasicSamples.GrossSales.ContactName": "Tên liên hệ",
  "Db.BasicSamples.GrossSales.CustomerId": "Mã khách hàng",
  "Db.BasicSamples.GrossSales.EntityPlural": "Lợi nhuận gộp",
  "Db.BasicSamples.GrossSales.EntitySingular": "Lợi nhuận gộp",
  "Db.BasicSamples.GrossSales.GrossAmount": "Lợi nhuận",
  "Db.BasicSamples.GrossSales.ProductId": "Mã sản phẩm",
  "Db.BasicSamples.GrossSales.ProductName": "Tên sản phẩm",
  "Forms.BasicSamples.FilteredLookupInDetail.Categories.Order Chi tiết": "Chi tiết đơn hàng",
  "Forms.BasicSamples.FilteredLookupInDetail.Categories.Order Details": "Chi tiết đơn hàng",
  "Forms.BasicSamples.LookupFilterByMultiple.Categories.General": "Thông tin chung",
  "Forms.BasicSamples.LookupFilterByMultiple.Categories.Pricing": "Giá cả",
  "Forms.BasicSamples.LookupFilterByMultiple.Categories.Status": "Trạng thái",
  "Forms.BasicSamples.PopulateLinkedData.Categories.Customer Chi tiết": "Thông tin chi tiết",
  "Forms.BasicSamples.PopulateLinkedData.Categories.Customer Details": "Thông tin chi tiết",
  "Forms.BasicSamples.PopulateLinkedData.Categories.Order": "Đơn hàng",
  "Forms.BasicSamples.PopulateLinkedData.Categories.Order Chi tiết": "Chi tiết đơn hàng",
  "Forms.BasicSamples.PopulateLinkedData.Categories.Order Details": "Chi tiết đơn hàng",
  "Navigation.Basic Samples": "Ví dụ cơ bản",
  "Navigation.Basic Samples/Cancellable Bulk Action": "Thao tác hàng loạt có thể hủy bỏ",
  "Navigation.Basic Samples/Chart in a Dialog": "Biểu đồ trong hộp thoại",
  "Navigation.Basic Samples/Cloneable Entity Dialog": "Tạo bản sao",
  "Navigation.Basic Samples/Dialogs": "Hộp thoại",
  "Navigation.Basic Samples/Dialogs/Chart in a Dialog": "Biểu đồ trong hộp thoại",
  "Navigation.Basic Samples/Dialogs/Cloneable Entity Dialog": "Tạo bản sao",
  "Navigation.Basic Samples/Dialogs/Default Values In New Dialog": "Mặc định khi thêm mới",
  "Navigation.Basic Samples/Dialogs/Default Values in New Dialog": "Mặc định khi thêm mới",
  "Navigation.Basic Samples/Dialogs/Dialog Box Types": "Kiểu hộp thoại",
  "Navigation.Basic Samples/Dialogs/Dialog Boxes": "Hộp thoại",
  "Navigation.Basic Samples/Dialogs/Entity Dialog as Panel": "Thêm/sửa trong trong trang",
  "Navigation.Basic Samples/Dialogs/Get Inserted Record ID": "Lấy Id vừa thêm mới",
  "Navigation.Basic Samples/Dialogs/Multi Column Dialog": "Hộp thoại nhiều cột",
  "Navigation.Basic Samples/Dialogs/Other Form In Tab": "Form khác trong tab",
  "Navigation.Basic Samples/Dialogs/Other Form, One Toolbar": "Form khác chung toolbar",
  "Navigation.Basic Samples/Dialogs/Populate Linked Data": "Cập nhật dữ liệu liên kết",
  "Navigation.Basic Samples/Dialogs/Read-Only Dialog": "Hộp thoại chỉ xem",
  "Navigation.Basic Samples/Dialogs/Responsive Dialog": "Hộp thoại Responsive",
  "Navigation.Basic Samples/Dialogs/Serial Auto Numbering": "Tự động sinh mã",
  "Navigation.Basic Samples/Editors": "Ô nhập liệu (Editor)",
  "Navigation.Basic Samples/Editors/Changing Lookup Text": "Đổi text trong Lookup",
  "Navigation.Basic Samples/Editors/Filtered Lookup in Detail Dlg.": "Lọc Lookup trong chi tiết",
  "Navigation.Basic Samples/Editors/Filtered Lookup in Detail.": "Lọc Lookup trong chi tiết",
  "Navigation.Basic Samples/Editors/Lookup Filter by Multi Val.": "Lọc Lookup nhiều giá trị",
  "Navigation.Basic Samples/Editors/Select with Hardcod.Vals.": "Ô lựa chọn giá trị cứng",
  "Navigation.Basic Samples/Editors/Static Text Block": "Khối văn bản tĩnh",
  "Navigation.Basic Samples/Filtered Lookup in Detail Dlg.": "Lọc Lookup trong chi tiết",
  "Navigation.Basic Samples/Grid Filtered by Criteria": "Lọc theo tiêu chí",
  "Navigation.Basic Samples/Grids": "Lưới dữ liệu (Grid)",
  "Navigation.Basic Samples/Grids/Cancellable Bulk Action": "Hủy thao tác hàng loạt",
  "Navigation.Basic Samples/Grids/Conditional Formatting": "Định dạng theo điều kiện",
  "Navigation.Basic Samples/Grids/Custom Links In Grid": "Liên kết tùy chỉnh",
  "Navigation.Basic Samples/Grids/Enabling Row Selection": "Cho phép chọn dòng",
  "Navigation.Basic Samples/Grids/Grid Filtered by Criteria": "Lọc theo tiêu chí",
  "Navigation.Basic Samples/Grids/Grouping and Sum. In Grid": "Nhóm và tính tổng",
  "Navigation.Basic Samples/Grids/Initial Value for Quick Flt.": "Khởi tạo cho lọc nhanh",
  "Navigation.Basic Samples/Grids/Inline Action Buttons": "Nút thao tác trong dòng",
  "Navigation.Basic Samples/Grids/Inline Image In Grid": "Ảnh trong lưới",
  "Navigation.Basic Samples/Grids/Product Excel Import": "Nhập liệu từ Excel",
  "Navigation.Basic Samples/Grids/Quick Filter Customization": "Tùy chỉnh lọc nhanh",
  "Navigation.Basic Samples/Grids/Removing Add Button": "Loại bỏ nút Thêm mới",
  "Navigation.Basic Samples/Grids/Stored Procedure Grid": "Dữ liệu từ Stored Procedure",
  "Navigation.Basic Samples/Grids/Tree Grid": "Cây và lưới",
  "Navigation.Basic Samples/Grids/View Without ID": "View không có Id",
  "Navigation.Basic Samples/Grids/Visual Studio Gallery Q & A": "Hỏi đáp trong VS Gallery",
  "Navigation.Basic Samples/Grouping and Sum. In Grid": "Nhóm và tính tổng",
  "Navigation.Basic Samples/Lookup Filter by Multi Values": "Lọc Lookup nhiều giá trị",
  "Navigation.Basic Samples/Multi Col. Responsive Dialog": "Hộp thoại responsive nhiều cột",
  "Navigation.Basic Samples/Multi Column Dialog": "Hộp thoại nhiều cột",
  "Navigation.Basic Samples/Responsive Dialog": "Hộp thoại responsive",
  "Navigation.Basic Samples/View Without ID": "Xem không cần ID",
  "Navigation.Theme Samples": "Mẫu giao diện",
  "Navigation.Theme Samples/Calendar": "Lịch",
  "Navigation.Theme Samples/Charts": "Biểu đồ",
  "Navigation.Theme Samples/Dashboard v2": "Bảng điều khiển v2",
  "Navigation.Theme Samples/Examples": "Ví dụ",
  "Navigation.Theme Samples/Examples/Blank Page": "Trang trống",
  "Navigation.Theme Samples/Examples/Error 404": "Lỗi 404",
  "Navigation.Theme Samples/Examples/Error 500": "Lỗi 500",
  "Navigation.Theme Samples/Examples/Invoice": "Hóa đơn",
  "Navigation.Theme Samples/Examples/Lockscreen": "Khóa màn hình",
  "Navigation.Theme Samples/Examples/Login": "Đăng nhập",
  "Navigation.Theme Samples/Examples/Pace Page": "Nạp trang",
  "Navigation.Theme Samples/Examples/Profile": "Hồ sơ nhân viên",
  "Navigation.Theme Samples/Examples/Register": "Đăng ký",
  "Navigation.Theme Samples/Forms": "Biểu mẫu",
  "Navigation.Theme Samples/Forms/Advanced Elements": "Thành phần nâng cao",
  "Navigation.Theme Samples/Forms/General Elements": "Thành phần cơ bản",
  "Navigation.Theme Samples/Forms/Text Editors": "Trình soạn thảo văn bản",
  "Navigation.Theme Samples/Mailbox": "Hộp thư",
  "Navigation.Theme Samples/Mailbox/Compose": "Soạn thư",
  "Navigation.Theme Samples/Mailbox/Inbox": "Hộp thư đến",
  "Navigation.Theme Samples/Mailbox/Index": "Hộp thư đến",
  "Navigation.Theme Samples/Mailbox/Read": "Đọc thư",
  "Navigation.Theme Samples/Tables": "Bảng",
  "Navigation.Theme Samples/Tables/Data Tables": "Bảng dữ liệu",
  "Navigation.Theme Samples/Tables/Simple Tables": "Bảng đơn giản",
  "Navigation.Theme Samples/UI Elements": "Thành phần giao diện",
  "Navigation.Theme Samples/UI Elements/Buttons": "Nút bấm",
  "Navigation.Theme Samples/UI Elements/General": "Cơ bản",
  "Navigation.Theme Samples/UI Elements/Icons": "Biểu tượng",
  "Navigation.Theme Samples/UI Elements/Modals": "Hộp thoại",
  "Navigation.Theme Samples/UI Elements/Sliders": "Thanh trượt",
  "Navigation.Theme Samples/UI Elements/Timeline": "Dòng thời gian",
  "Navigation.Theme Samples/Widgets": "Ô nội dung"
}