{
  "Db.BasicSamples.DragDropSample.EntityPlural": "Элементы дерева",
  "Db.BasicSamples.DragDropSample.EntitySingular": "Элемент дерева",
  "Db.BasicSamples.DragDropSample.Id": "Код",
  "Db.BasicSamples.DragDropSample.ParentId": "Код родителя",
  "Db.BasicSamples.DragDropSample.Title": "Заголовок",
  "Db.BasicSamples.GrossSales.ContactName": "Наименование контакта",
  "Db.BasicSamples.GrossSales.CustomerId": "Код покупателя",
  "Db.BasicSamples.GrossSales.EntityPlural": "Продажи",
  "Db.BasicSamples.GrossSales.EntitySingular": "Продажи",
  "Db.BasicSamples.GrossSales.GrossAmount": "Сумма всего",
  "Db.BasicSamples.GrossSales.ProductId": "Код товара",
  "Db.BasicSamples.GrossSales.ProductName": "Наименование товара",
  "Forms.BasicSamples.FilteredLookupInDetail.Categories.Order Details": "Детализация заказа",
  "Forms.BasicSamples.LookupFilterByMultiple.Categories.General": "Главная",
  "Forms.BasicSamples.LookupFilterByMultiple.Categories.Pricing": "Ценообразование",
  "Forms.BasicSamples.LookupFilterByMultiple.Categories.Status": "Статус",
  "Forms.BasicSamples.PopulateLinkedData.Categories.Customer Details": "Детализация",
  "Forms.BasicSamples.PopulateLinkedData.Categories.Order": "Заказ",
  "Forms.BasicSamples.PopulateLinkedData.Categories.Order Details": "Детализация заказа",
  "Navigation.Basic Samples": "Основные примеры",
  "Navigation.Basic Samples/Cancellable Bulk Action": "Отменяемое массовое действие",
  "Navigation.Basic Samples/Chart in a Dialog": "График в диалоге",
  "Navigation.Basic Samples/Cloneable Entity Dialog": "Диалог клонирования сущности",
  "Navigation.Basic Samples/Default Values in New Dialog": "Значения по-умолчанию в новом диалоге",
  "Navigation.Basic Samples/Dialogs": "Диалоги",
  "Navigation.Basic Samples/Dialogs/Chart in a Dialog": "График в диалоге",
  "Navigation.Basic Samples/Dialogs/Cloneable Entity Dialog": "Диалог клонирования сущности",
  "Navigation.Basic Samples/Dialogs/Default Values in New Dialog": "Значения по-умолчанию в новом диалоге",
  "Navigation.Basic Samples/Dialogs/Dialog Box Types": "Типы диалоговых окон",
  "Navigation.Basic Samples/Dialogs/Dialog Boxes": "Диалоговые окна",
  "Navigation.Basic Samples/Dialogs/Entity Dialog as Panel": "Диалог в качестве панели",
  "Navigation.Basic Samples/Dialogs/Get Inserted Record ID": "Получение кода вставленной записи",
  "Navigation.Basic Samples/Dialogs/Multi Column Dialog": "Диалог с несколькими колонками",
  "Navigation.Basic Samples/Dialogs/Other Form In Tab": "Другая форма на закладке",
  "Navigation.Basic Samples/Dialogs/Other Form, One Toolbar": "Другая форма, одна панель инструментов",
  "Navigation.Basic Samples/Dialogs/Populate Linked Data": "Заполнение связанных данных",
  "Navigation.Basic Samples/Dialogs/Read-Only Dialog": "Диалог только для чтения",
  "Navigation.Basic Samples/Dialogs/Responsive Dialog": "Диалог с выбором",
  "Navigation.Basic Samples/Dialogs/Serial Auto Numbering": "Автонумерация",
  "Navigation.Basic Samples/Editors": "Редакторы",
  "Navigation.Basic Samples/Editors/Changing Lookup Text": "Изменение подстановочного текста",
  "Navigation.Basic Samples/Editors/Filtered Lookup in Detail Dlg.": "Фильтрация в подчинённом диалоге",
  "Navigation.Basic Samples/Editors/Filtered Lookup in Detail.": "Фильтрация в детализации",
  "Navigation.Basic Samples/Editors/Lookup Filter by Multi Val.": "Фильтр по нескольким значениям",
  "Navigation.Basic Samples/Editors/Select with Hardcod.Vals.": "Выбор с закодированными значениями",
  "Navigation.Basic Samples/Editors/Static Text Block": "Статичный текстовый блок",
  "Navigation.Basic Samples/Filtered Lookup in Detail Dlg.": "Фильтрованный выбор в подчинённом диалоге",
  "Navigation.Basic Samples/Grid Filtered by Criteria": "Таблица, отфильтрованная по условию",
  "Navigation.Basic Samples/Grids": "Таблицы",
  "Navigation.Basic Samples/Grids/Cancellable Bulk Action": "Отменяемое массовое действие",
  "Navigation.Basic Samples/Grids/Conditional Formatting": "Условное форматирование",
  "Navigation.Basic Samples/Grids/Custom Links In Grid": "Пользовательские ссылки в таблице",
  "Navigation.Basic Samples/Grids/Drag & Drop in Tree Grid": "Drag & Drop в дереве",
  "Navigation.Basic Samples/Grids/Enabling Row Selection": "Активация выбора строки",
  "Navigation.Basic Samples/Grids/Grid Filtered by Criteria": "Фильтрация по условию",
  "Navigation.Basic Samples/Grids/Grouping and Sum. In Grid": "Группировка и суммирование",
  "Navigation.Basic Samples/Grids/Initial Value for Quick Flt.": "Инициализация значений быстрого фильтра",
  "Navigation.Basic Samples/Grids/Inline Action Buttons": "Встроенные кнопки действий",
  "Navigation.Basic Samples/Grids/Inline Image In Grid": "Изображение в таблице",
  "Navigation.Basic Samples/Grids/Product Excel Import": "Импорт продукции из Excel",
  "Navigation.Basic Samples/Grids/Quick Filter Customization": "Настройка быстрого фильтра",
  "Navigation.Basic Samples/Grids/Removing Add Button": "Удаление кнопки добавления",
  "Navigation.Basic Samples/Grids/Stored Procedure Grid": "Таблица на хранимой процедуре",
  "Navigation.Basic Samples/Grids/Tree Grid": "Табличное дерево",
  "Navigation.Basic Samples/Grids/View Without ID": "Представление без идентификатора",
  "Navigation.Basic Samples/Grids/Visual Studio Gallery Q & A": "Visual Studio Gallery ЧаВО",
  "Navigation.Basic Samples/Grouping and Sum. In Grid": "Группировка и суммирование в таблице",
  "Navigation.Basic Samples/Lookup Filter by Multi Values": "Фильтр по нескольким значениям",
  "Navigation.Basic Samples/Multi Col. Responsive Dialog": "Многоколоночный диалог с выбором",
  "Navigation.Basic Samples/Multi Column Dialog": "Диалог с несколькими колонками",
  "Navigation.Basic Samples/Responsive Dialog": "Диалог с выбором",
  "Navigation.Basic Samples/View Without ID": "Представление без идентификатора",
  "Navigation.Theme Samples": "Примеры тем",
  "Navigation.Theme Samples/Calendar": "Календарь",
  "Navigation.Theme Samples/Charts": "Графики",
  "Navigation.Theme Samples/Charts/ChartJS": "ChartJS",
  "Navigation.Theme Samples/Charts/Flot": "Flot",
  "Navigation.Theme Samples/Charts/Morris": "Morris",
  "Navigation.Theme Samples/Dashboard v2": "Панель информации 2",
  "Navigation.Theme Samples/Examples": "Примеры",
  "Navigation.Theme Samples/Examples/Blank Page": "Пустая страница",
  "Navigation.Theme Samples/Examples/Error 404": "Ошибка 404",
  "Navigation.Theme Samples/Examples/Error 500": "Ошибка 500",
  "Navigation.Theme Samples/Examples/Invoice": "Накладная",
  "Navigation.Theme Samples/Examples/Lockscreen": "Экран блокировки",
  "Navigation.Theme Samples/Examples/Login": "Логин",
  "Navigation.Theme Samples/Examples/Pace Page": "Страница",
  "Navigation.Theme Samples/Examples/Profile": "Профиль",
  "Navigation.Theme Samples/Examples/Register": "Регистрация",
  "Navigation.Theme Samples/Forms": "Формы",
  "Navigation.Theme Samples/Forms/Advanced Elements": "Дополнительные элементы",
  "Navigation.Theme Samples/Forms/General Elements": "Основные элементы",
  "Navigation.Theme Samples/Forms/Text Editors": "Редакторы текста",
  "Navigation.Theme Samples/Mailbox": "Почта",
  "Navigation.Theme Samples/Mailbox/Compose": "Все",
  "Navigation.Theme Samples/Mailbox/Inbox": "Входящие",
  "Navigation.Theme Samples/Mailbox/Index": "Индекс",
  "Navigation.Theme Samples/Mailbox/Read": "Прочитано",
  "Navigation.Theme Samples/Tables": "Таблицы",
  "Navigation.Theme Samples/Tables/Data Tables": "Таблицы данных",
  "Navigation.Theme Samples/Tables/Simple Tables": "Простые таблицы",
  "Navigation.Theme Samples/UI Elements": "Элементы интерфейса",
  "Navigation.Theme Samples/UI Elements/Buttons": "Кнопки",
  "Navigation.Theme Samples/UI Elements/General": "Главное",
  "Navigation.Theme Samples/UI Elements/Icons": "Иконки",
  "Navigation.Theme Samples/UI Elements/Modals": "Модальные",
  "Navigation.Theme Samples/UI Elements/Sliders": "Слайдеры",
  "Navigation.Theme Samples/UI Elements/Timeline": "Шкала времени",
  "Navigation.Theme Samples/Widgets": "Виджеты"
}