{
    "Forms.BasicSamples.FilteredLookupInDetail.Categories.Order Details": "Detalhes da encomenda",
    "Forms.BasicSamples.LookupFilterByMultiple.Categories.General": "Geral",
    "Forms.BasicSamples.LookupFilterByMultiple.Categories.Pricing": "Preços",
    "Forms.BasicSamples.LookupFilterByMultiple.Categories.Status": "Status",
    "Navigation.Basic Samples": "Amostras básicas",
    "Navigation.Basic Samples/Cancellable Bulk Action": "Ação em bloco (bulk action) cancelável",
    "Navigation.Basic Samples/Chart in a Dialog": "Gráfico em um diálogo",
    "Navigation.Basic Samples/Cloneable Entity Dialog": "Diálogo da entidade duplicável",
    "Navigation.Basic Samples/Default Values in New Dialog": "Valores padrões em novo diálogo",
    "Navigation.Basic Samples/Filtered Lookup in Detail Dlg.": "Pesquisa filtrada em detalhe do diálogo",
    "Navigation.Basic Samples/Grid Filtered by Criteria": "Grid filtrada por critério",
    "Navigation.Basic Samples/Grouping and Sum. In Grid": "Agrupamento e Soma na grelha",
    "Navigation.Basic Samples/Lookup Filter by Multi Values": "Filtro da pesquisa por multi-valores",
    "Navigation.Basic Samples/Multi Col. Responsive Dialog": "Diálogo responsivo multi col.",
    "Navigation.Basic Samples/Multi Column Dialog": "Diálogo multi coluna",
    "Navigation.Basic Samples/Responsive Dialog": "Diálogo responsivo",
    "Navigation.Basic Samples/View Without ID": "Consulta sem ID",
    "Navigation.Theme Samples": "Amostras de temas",
    "Navigation.Theme Samples/Calendar": "Calendário",
    "Navigation.Theme Samples/Charts": "Gráficos",
    "Navigation.Theme Samples/Charts/ChartJS": "ChartJS",
    "Navigation.Theme Samples/Charts/Flot": "Flot",
    "Navigation.Theme Samples/Charts/Morris": "Morris",
    "Navigation.Theme Samples/Dashboard v2": "Painel de instrumentos v2",
    "Navigation.Theme Samples/Examples": "Exemplos",
    "Navigation.Theme Samples/Examples/Blank Page": "Página em branco",
    "Navigation.Theme Samples/Examples/Error 404": "Erro 404",
    "Navigation.Theme Samples/Examples/Error 500": "Erro 500",
    "Navigation.Theme Samples/Examples/Invoice": "Fatura",
    "Navigation.Theme Samples/Examples/Lockscreen": "Bloqueio de tela",
    "Navigation.Theme Samples/Examples/Login": "Login",
    "Navigation.Theme Samples/Examples/Pace Page": "Página Pace",
    "Navigation.Theme Samples/Examples/Profile": "Perfil",
    "Navigation.Theme Samples/Examples/Register": "Registar",
    "Navigation.Theme Samples/Forms": "Formulários",
    "Navigation.Theme Samples/Forms/Advanced Elements": "Elementos avançados",
    "Navigation.Theme Samples/Forms/General Elements": "Elementos gerais",
    "Navigation.Theme Samples/Forms/Text Editors": "Editores de texto",
    "Navigation.Theme Samples/Mailbox": "Caixa de correio",
    "Navigation.Theme Samples/Mailbox/Compose": "Compor",
    "Navigation.Theme Samples/Mailbox/Inbox": "Inbox",
    "Navigation.Theme Samples/Mailbox/Read": "Ler",
    "Navigation.Theme Samples/Tables": "Tabelas",
    "Navigation.Theme Samples/Tables/Data Tables": "Tabelas de dados",
    "Navigation.Theme Samples/Tables/Simple Tables": "Tabelas simples",
    "Navigation.Theme Samples/UI Elements": "Elementos UI",
    "Navigation.Theme Samples/UI Elements/Buttons": "Botões",
    "Navigation.Theme Samples/UI Elements/General": "Geral",
    "Navigation.Theme Samples/UI Elements/Icons": "Icones",
    "Navigation.Theme Samples/UI Elements/Modals": "Modais",
    "Navigation.Theme Samples/UI Elements/Sliders": "Sliders",
    "Navigation.Theme Samples/UI Elements/Timeline": "Linha do tempo",
    "Navigation.Theme Samples/Widgets": "Widgets"
}