{
    "Navigation.Theme Samples": "Theme Beispiele",
    "Navigation.Theme Samples/Calendar": "Kalender",
    "Navigation.Theme Samples/Charts": "Diagramme",
    "Navigation.Theme Samples/Charts/ChartJS": "ChartJS",
    "Navigation.Theme Samples/Charts/Flot": "Flot",
    "Navigation.Theme Samples/Charts/Morris": "Morris",
    "Navigation.Theme Samples/Dashboard v2": "Dashboard v2",
    "Navigation.Theme Samples/Examples": "Beispiele",
    "Navigation.Theme Samples/Examples/Blank Page": "Leere Seite",
    "Navigation.Theme Samples/Examples/Error 404": "Error 404",
    "Navigation.Theme Samples/Examples/Error 500": "Error 500",
    "Navigation.Theme Samples/Examples/Invoice": "Rechnung",
    "Navigation.Theme Samples/Examples/Lockscreen": "Sperrbildschirm",
    "Navigation.Theme Samples/Examples/Login": "Anmeldung",
    "Navigation.Theme Samples/Examples/Profile": "Profil",
    "Navigation.Theme Samples/Examples/Register": "Registrierung",
    "Navigation.Theme Samples/Forms": "Formulare",
    "Navigation.Theme Samples/Forms/Advanced Elements": "Erweiterte Elemente",
    "Navigation.Theme Samples/Forms/General Elements": "Allgemeine Elemente",
    "Navigation.Theme Samples/Forms/Text Editors": "Text Editoren",
    "Navigation.Theme Samples/Mailbox": "Mailbox",
    "Navigation.Theme Samples/Mailbox/Compose": "Mailversand",
    "Navigation.Theme Samples/Mailbox/Inbox": "Posteingang",
    "Navigation.Theme Samples/Mailbox/Read": "Mailansicht",
    "Navigation.Theme Samples/Tables": "Tabellen",
    "Navigation.Theme Samples/Tables/Simple Tables": "Einfache Tabellen"
}