﻿{
  "Authorization.AccessDenied": "Ủy quyền bị từ chối cho yêu cầu này!",
  "Authorization.NotLoggedIn": "Ủy quyền là bắt buộc cho yêu cầu này!",
  "Controls.ColumnPickerDialog.HiddenColumns": "Các cột ẩn",
  "Controls.ColumnPickerDialog.HideHint": "Ẩn",
  "Controls.ColumnPickerDialog.RestoreDefaults": "Khôi phục mặc định",
  "Controls.ColumnPickerDialog.ShowHint": "Hiển thị",
  "Controls.ColumnPickerDialog.Title": "Chọn cột",
  "Controls.ColumnPickerDialog.VisibleColumns": "Các cột hiện",
  "Controls.EntityDialog.ApplyChangesButton": "Áp dụng",
  "Controls.EntityDialog.CloneButton": "Tạo bản sao",
  "Controls.EntityDialog.DeleteButton": "Xóa",
  "Controls.EntityDialog.DeleteConfirmation": "Xóa bản ghi?",
  "Controls.EntityDialog.EditRecordTitle": "Sửa {0} {1}",
  "Controls.EntityDialog.LocalizationBack": "Quay lại Biểu mẫu",
  "Controls.EntityDialog.LocalizationButton": "Bản địa hóa",
  "Controls.EntityDialog.LocalizationConfirmation": "Lưu thay đổi bản dịch?",
  "Controls.EntityDialog.NewRecordTitle": "Thêm mới {0}",
  "Controls.EntityDialog.SaveButton": "Lưu",
  "Controls.EntityDialog.SaveSuccessMessage": "Lưu thành công",
  "Controls.EntityDialog.UndeleteButton": "Hủy xóa",
  "Controls.EntityDialog.UndeleteConfirmation": "Hủy xóa bản ghi?",
  "Controls.EntityDialog.UpdateButton": "Cập nhật",
  "Controls.EntityGrid.IncludeDeletedToggle": "Hiển thị bản ghi không hoạt động",
  "Controls.EntityGrid.NewButton": "Thêm mới {0}",
  "Controls.EntityGrid.RefreshButton": "Nạp lại",
  "Controls.FilterPanel.AddFilter": "Thêm tiêu chí",
  "Controls.FilterPanel.All": "<tất cả>",
  "Controls.FilterPanel.And": "và",
  "Controls.FilterPanel.AndInParens": "(và)",
  "Controls.FilterPanel.ApplyGroups": "Áp dụng phân nhóm",
  "Controls.FilterPanel.ChangeAndOr": "Bấm vào để chuyển đổi giữa VÀ/HOẶC",
  "Controls.FilterPanel.ClearGroups": "Xóa phân nhóm",
  "Controls.FilterPanel.CurrentFilter": "Lọc theo: {0}",
  "Controls.FilterPanel.DialogTitle": "Chỉnh sửa bộ lọc",
  "Controls.FilterPanel.EditFilter": "Chỉnh sửa bộ lọc",
  "Controls.FilterPanel.EffectiveEmpty": "không có",
  "Controls.FilterPanel.EffectiveFilter": "Lọc theo:",
  "Controls.FilterPanel.FixErrorsMessage": "Hãy sửa các lỗi được đánh dấu màu đỏ",
  "Controls.FilterPanel.GroupBy": "-- Nhóm --",
  "Controls.FilterPanel.InvalidDate": "Ngày không hợp lệ!",
  "Controls.FilterPanel.InvalidNumber": "Số không hợp lệ!",
  "Controls.FilterPanel.InvalidOperator": "Phép toán không hợp lệ",
  "Controls.FilterPanel.OperatorFormats.bw": "{0} ở giữa {1} và {2}",
  "Controls.FilterPanel.OperatorFormats.contains": "{0} chứa '{1}'",
  "Controls.FilterPanel.OperatorFormats.eq": "{0} = {1}",
  "Controls.FilterPanel.OperatorFormats.false": "{0} = không",
  "Controls.FilterPanel.OperatorFormats.ge": "{0} >= {1}",
  "Controls.FilterPanel.OperatorFormats.gt": "{0} > {1}",
  "Controls.FilterPanel.OperatorFormats.in": "{0} là một trong [{1}]",
  "Controls.FilterPanel.OperatorFormats.isnotnull": "{0} không rỗng",
  "Controls.FilterPanel.OperatorFormats.isnull": "{0} rỗng",
  "Controls.FilterPanel.OperatorFormats.le": "{0} <= {1}",
  "Controls.FilterPanel.OperatorFormats.lt": "{0} < {1}",
  "Controls.FilterPanel.OperatorFormats.ne": "{0} <> {1}",
  "Controls.FilterPanel.OperatorFormats.startswith": "{0} bắt đầu với '{1}'",
  "Controls.FilterPanel.OperatorFormats.true": "{0} = có",
  "Controls.FilterPanel.OperatorNames.bw": "giữa",
  "Controls.FilterPanel.OperatorNames.contains": "chứa",
  "Controls.FilterPanel.OperatorNames.eq": "bằng",
  "Controls.FilterPanel.OperatorNames.false": "không",
  "Controls.FilterPanel.OperatorNames.ge": "lớn hơn hoặc bằng",
  "Controls.FilterPanel.OperatorNames.gt": "lớn hơn",
  "Controls.FilterPanel.OperatorNames.in": "trong",
  "Controls.FilterPanel.OperatorNames.isnotnull": "không rỗng",
  "Controls.FilterPanel.OperatorNames.isnull": "rỗng",
  "Controls.FilterPanel.OperatorNames.le": "nhỏ hơn hoặc bằng",
  "Controls.FilterPanel.OperatorNames.lt": "ít hơn",
  "Controls.FilterPanel.OperatorNames.ne": "không bằng",
  "Controls.FilterPanel.OperatorNames.startswith": "bắt đầu với",
  "Controls.FilterPanel.OperatorNames.true": "có",
  "Controls.FilterPanel.Or": "hoặc",
  "Controls.FilterPanel.OrInParens": "(hoặc)",
  "Controls.FilterPanel.RemoveField": "Loại bỏ tiêu chí",
  "Controls.FilterPanel.ResetButton": "Thiết lập lại",
  "Controls.FilterPanel.ResetFilterHint": "Bỏ lọc",
  "Controls.FilterPanel.SearchButton": "Áp dụng bộ lọc",
  "Controls.FilterPanel.SelectField": "--- Chọn trường ---",
  "Controls.FilterPanel.ThenBy": "-- Sau đó theo --",
  "Controls.FilterPanel.ValueRequired": "Vui lòng nhập giá trị!",
  "Controls.ImageUpload.AddFileButton": "Chọn tệp tin",
  "Controls.ImageUpload.ColorboxClose": "Tiếp theo",
  "Controls.ImageUpload.ColorboxCurrent": "Ảnh {current} / {total}",
  "Controls.ImageUpload.ColorboxNext": "Tiếp theo",
  "Controls.ImageUpload.ColorboxPrior": "Trước",
  "Controls.ImageUpload.DeleteButtonHint": "Loại bỏ",
  "Controls.ImageUpload.MaxHeight": "Ảnh tải lên phải có chiều cao ít hơn {0} điểm ảnh!",
  "Controls.ImageUpload.MaxWidth": "Ảnh tải lên phải có chiều rộng ít hơn {0} điểm ảnh!",
  "Controls.ImageUpload.MinHeight": "Ảnh tải lên phải có chiều cao ít nhất {0} điểm ảnh!",
  "Controls.ImageUpload.MinWidth": "Ảnh tải lên phải có chiều rộng ít nhất {0} điểm ảnh!",
  "Controls.ImageUpload.NotAnImageFile": "Tập tin tải lên không phải là ảnh!",
  "Controls.ImageUpload.UploadFileTooBig": "Tập tin tải lên phải nhỏ hơn {0}!",
  "Controls.ImageUpload.UploadFileTooSmall": "Tập tin tải lên phải lớn hơn {0}!",
  "Controls.Pager.DefaultLoadError": "Lỗi xảy ra khi tải dữ liệu!",
  "Controls.Pager.LoadingStatus": "Xin vui lòng chờ, đang tải dữ liệu...",
  "Controls.Pager.NoRowStatus": "Không có dữ liệu",
  "Controls.Pager.Page": "Trang",
  "Controls.Pager.PageStatus": "Hiển thị {from} đến {to} trên {total}",
  "Controls.PropertyGrid.DefaultCategory": "Thuộc tính",
  "Controls.PropertyGrid.RequiredHint": "Bắt buộc nhập trường này",
  "Controls.QuickSearch.FieldSelection": "Chọn trường để tìm kiếm",
  "Controls.QuickSearch.Hint": "Nhập văn bản để tìm kiếm...",
  "Controls.QuickSearch.Placeholder": "Tìm kiếm...",
  "Controls.SelectEditor.ClickToDefine": "*** Nhấp chuột để thêm mới ***",
  "Controls.SelectEditor.EmptyItemText": "-- Chọn --",
  "Controls.SelectEditor.InplaceAdd": "Thêm mới",
  "Controls.SelectEditor.InplaceEdit": "Chỉnh sửa",
  "Controls.SelectEditor.NoResultsClickToDefine": "*** Không có kết quả. Nhấn vào đây để thêm mới ***",
  "Db.Shared.RecordId": "Id",
  "Dialogs.AlertTitle": "Báo động",
  "Dialogs.CancelButton": "Hủy bỏ",
  "Dialogs.ConfirmationTitle": "Xác nhận",
  "Dialogs.InformationTitle": "Thông tin",
  "Dialogs.MaximizeHint": "Mở rộng tối đa",
  "Dialogs.NoButton": "Không",
  "Dialogs.OkButton": "OK",
  "Dialogs.RestoreHint": "Khôi phục",
  "Dialogs.WarningTitle": "Cảnh báo",
  "Dialogs.YesButton": "Có",
  "Enums.CustomFieldType.Boolean": "Đúng sai (Boolean)",
  "Enums.CustomFieldType.Date": "Ngày (Date)",
  "Enums.CustomFieldType.DateTime": "Ngày giờ (DateTime)",
  "Enums.CustomFieldType.Decimal": "Thập phân (Decimal)",
  "Enums.CustomFieldType.Int32": "Số nguyên (Int32)",
  "Enums.CustomFieldType.Int64": "Số nguyên lớn (Int64)",
  "Enums.CustomFieldType.String": "Văn bản (String)",
  "Validation.ArgumentIsNull": "Tham số {0} rỗng!",
  "Validation.ArgumentOutOfRange": "Tham số {0} nằm ngoài khoảng hợp lệ!",
  "Validation.CaptchaMismatch": "Mã nhập không đúng. Bạn có thể tạo ra mã mới bằng cách nhấn vào hình ảnh nếu bạn không thể nhìn thấy rõ ràng các ký tự.",
  "Validation.DateInvalid": "Vui lòng nhập ngày hợp lệ.",
  "Validation.DayHourAndMin": "Vui lòng nhập khoảng thời gian hợp lệ (ví dụ: 2.15:30)",
  "Validation.Decimal": "Vui lòng nhập giá trị thập phân hợp lệ.",
  "Validation.Digits": "Xin vui lòng chỉ sử dụng chữ số từ 0-9.",
  "Validation.Email": "Xin vui lòng nhập một địa chỉ e-mail hợp lệ.",
  "Validation.EmailMultiple": "Xin vui lòng nhập một địa chỉ e-mail hợp lệ (nếu có nhiều email, sử dụng dấu ';' để phân cách)",
  "Validation.EntityForeignKeyViolation": "Bạn phải xóa {0} dòng liên quan trước khi xóa dòng này!",
  "Validation.EntityHasDeletedParent": "Trước khi thao tác trên dòng dữ liệu này, mục cấp trên phải được hủy xóa!",
  "Validation.EntityIsNotActive": "Không thể thao tác trên dòng dữ liệu {0} đã bị xóa!",
  "Validation.EntityNotFound": "Không tìm thấy dòng dữ liệu. Có thể đã bị xóa hoặc bạn không có quyền truy cập cần thiết!",
  "Validation.EntityReadAccessViolation": "Bạn không có quyền truy cập cần thiết để xem dòng dữ liệu {0} có khóa: {1}",
  "Validation.EntityWriteAccessViolation": "Bạn không có quyền truy cập cần thiết để cập nhật dòng dữ liệu {0} có khóa: {1}",
  "Validation.FieldInvalidDateRange": "Giá trị trường {0} không được phép trước {1}!",
  "Validation.FieldInvalidValue": "Giá trị không hợp lệ {0} cho trường {1}!",
  "Validation.FieldIsReadOnly": "{0} chỉ được xem!",
  "Validation.FieldIsRequired": "Bắt buộc nhập {0}!",
  "Validation.HourAndMin": "Vui lòng nhập giờ hợp lệ (ví dụ: 15:30)",
  "Validation.IncorrectPassword": "Sai mật khẩu. Vui lòng kiểm tra lại.",
  "Validation.Integer": "Vui lòng nhập số nguyên hợp lệ.",
  "Validation.InvalidFormMessage": "Vui lòng kiểm tra các mục rỗng hoặc không hợp lệ (được đánh dấu bằng màu đỏ) trước khi gửi biểu mẫu.",
  "Validation.MaxDate": "Xin vui lòng nhập ngày trước '{0}'.",
  "Validation.MaxLength": "Vui lòng nhập nhiều nhất {0} ký tự.",
  "Validation.MinDate": "Xin vui lòng nhập ngày sau '{0}'.",
  "Validation.MinLength": "Vui lòng nhập ít nhất {0} ký tự.",
  "Validation.PasswordConfirm": "Mật khẩu không khớp.",
  "Validation.Range": "Xin hãy nhập giá trị giữa {0} và {1}.",
  "Validation.Recaptcha": "Vui lòng xác nhận rằng bạn không phải là người máy!",
  "Validation.RequestIsNull": "Yêu cầu rỗng!",
  "Validation.Required": "Trường này là bắt buộc.",
  "Validation.UnexpectedError": "Đã xảy ra lỗi không mong muốn!",
  "Validation.UniqueConstraint": "Giá trị '{0}' đã tồn tại!",
  "Validation.UniqueViolation": "Vi phạm tính duy nhất",
  "Validation.Url": "Vui lòng nhập địa chỉ URL hợp lệ (ví dụ http://www.site.com)",
  "Validation.Username": "Tên người dùng không hợp lệ.",
  "Validation.UsernameExists": "Tên tài khoản đã được sử dụng. Vui lòng chọn tên khác.",
  "Validation.Xss": "Giá trị không hợp lệ (không sử dụng '&lt;' và '&amp;')"
}