﻿{
    "Authorization.AccessDenied": "Zugriff verweigert!",
    "Authorization.NotLoggedIn": "Anmeldung erforderlich!",
    "Controls.EntityDialog.ApplyChangesButton": "Änderungen übernehmen",
    "Controls.EntityDialog.CloneButton": "Kopieren",
    "Controls.EntityDialog.DeleteButton": "Löschen",
    "Controls.EntityDialog.DeleteConfirmation": "Datensatz löschen?",
    "Controls.EntityDialog.EditRecordTitle": "Bearbeite {0} {1}",
    "Controls.EntityDialog.LocalizationBack": "Zurück zum Formular",
    "Controls.EntityDialog.LocalizationButton": "Übersetzungen",
    "Controls.EntityDialog.LocalizationConfirmation": "Übersetzungen speichern?",
    "Controls.EntityDialog.NewRecordTitle": "{0} anlegen",
    "Controls.EntityDialog.SaveButton": "Speichern",
    "Controls.EntityDialog.SaveSuccessMessage": "Erfolgreich gespeichert",
    "Controls.EntityDialog.UndeleteButton": "Wiederherstellen",
    "Controls.EntityDialog.UndeleteConfirmation": "Datensatz wiederherstellen?",
    "Controls.EntityDialog.UpdateButton": "Bearbeitung",
    "Controls.EntityGrid.IncludeDeletedToggle": "Gelöschte Datensätze anzeigen",
    "Controls.EntityGrid.NewButton": "{0} anlegen",
    "Controls.EntityGrid.RefreshButton": "Aktualisieren",
    "Controls.FilterPanel.AddFilter": "Filter hinzufügen",
    "Controls.FilterPanel.All": "<alle>",
    "Controls.FilterPanel.And": "und",
    "Controls.FilterPanel.AndInParens": "(und)",
    "Controls.FilterPanel.ApplyGroups": "Gruppierung anwenden",
    "Controls.FilterPanel.ChangeAndOr": "Wechseln von UND / ODER",
    "Controls.FilterPanel.ClearGroups": "Gruppierung löschen",
    "Controls.FilterPanel.CurrentFilter": "Aktueller Filter: {0}",
    "Controls.FilterPanel.DialogTitle": "Filter bearbeiten",
    "Controls.FilterPanel.EditFilter": "Filter bearbeiten",
    "Controls.FilterPanel.EffectiveEmpty": "Leer",
    "Controls.FilterPanel.EffectiveFilter": "Aktiver Filter:",
    "Controls.FilterPanel.FixErrorsMessage": "Bitte beheben Sie die rot markierten Fehler",
    "Controls.FilterPanel.GroupBy": "--Gruppierung--",
    "Controls.FilterPanel.InvalidDate": "Datum ungültig!",
    "Controls.FilterPanel.InvalidNumber": "Zahl ungültig!",
    "Controls.FilterPanel.InvalidOperator": "Operator ungültig!",
    "Controls.FilterPanel.OperatorFormats.bw": "{0} zwischen {1} und {2}",
    "Controls.FilterPanel.OperatorFormats.contains": "{0} enthält '{1}",
    "Controls.FilterPanel.OperatorFormats.eq": "{0} = {1}",
    "Controls.FilterPanel.OperatorFormats.false": "{0} = falsch",
    "Controls.FilterPanel.OperatorFormats.ge": "{0} >= {1}",
    "Controls.FilterPanel.OperatorFormats.gt": "{0} > {1}",
    "Controls.FilterPanel.OperatorFormats.in": "{0} in [{1}]",
    "Controls.FilterPanel.OperatorFormats.isnotnull": "{0} ist nicht leer",
    "Controls.FilterPanel.OperatorFormats.isnull": "{0} ist leer",
    "Controls.FilterPanel.OperatorFormats.le": "{0} <= {1}",
    "Controls.FilterPanel.OperatorFormats.lt": "{0} < {1}",
    "Controls.FilterPanel.OperatorFormats.ne": "{0} <> {1}",
    "Controls.FilterPanel.OperatorFormats.startswith": "{0} beginnt mit '{1}",
    "Controls.FilterPanel.OperatorFormats.true": "{0} = wahr",
    "Controls.FilterPanel.OperatorNames.bw": "zwischen",
    "Controls.FilterPanel.OperatorNames.contains": "enthält",
    "Controls.FilterPanel.OperatorNames.eq": "gleich",
    "Controls.FilterPanel.OperatorNames.false": "falsch",
    "Controls.FilterPanel.OperatorNames.ge": "größer oder gleich",
    "Controls.FilterPanel.OperatorNames.gt": "größer",
    "Controls.FilterPanel.OperatorNames.in": "in",
    "Controls.FilterPanel.OperatorNames.isnotnull": "ist nicht leer",
    "Controls.FilterPanel.OperatorNames.isnull": "ist leer",
    "Controls.FilterPanel.OperatorNames.le": "kleiner oder gleich",
    "Controls.FilterPanel.OperatorNames.lt": "kleiner",
    "Controls.FilterPanel.OperatorNames.ne": "nicht gleich",
    "Controls.FilterPanel.OperatorNames.startswith": "beginnt mit",
    "Controls.FilterPanel.OperatorNames.true": "wahr",
    "Controls.FilterPanel.Or": "oder",
    "Controls.FilterPanel.OrInParens": "(oder)",
    "Controls.FilterPanel.RemoveField": "Feld entfernen",
    "Controls.FilterPanel.ResetButton": "Filter löschen",
    "Controls.FilterPanel.ResetFilterHint": "Filter wird zurückgesetzt",
    "Controls.FilterPanel.SearchButton": "Filter anwenden",
    "Controls.FilterPanel.SelectField": "---Feld auswählen---",
    "Controls.FilterPanel.ThenBy": "--dann durch--",
    "Controls.FilterPanel.ValueRequired": "Wert benötigt!",
    "Controls.ImageUpload.AddFileButton": "Datei auswählen",
    "Controls.ImageUpload.DeleteButtonHint": "Entfernen",
    "Controls.ImageUpload.UploadFileTooBig": "Die Datei muss kleiner sein als {0}",
    "Controls.ImageUpload.UploadFileTooSmall": "Die Datei muss größer sein als {0}",
    "Controls.Pager.DefaultLoadError": "Beim Laden der Daten ist ein Fehler aufgetreten!",
    "Controls.Pager.LoadingStatus": "Bitte warten, Daten werden geladen ...",
    "Controls.Pager.NoRowStatus": "Keine Datensätze gefunden",
    "Controls.Pager.Page": "Seite",
    "Controls.Pager.PageStatus": "Es werden die Datensätze {from} bis {to} von insgesamt {total} angezeigt",
    "Controls.PropertyGrid.DefaultCategory": "Eigenschaften",
    "Controls.PropertyGrid.RequiredHint": "Pflichtfeld",
    "Controls.QuickSearch.FieldSelection": "Feld zum Suchen auswählen",
    "Controls.QuickSearch.Hint": "Text zum Suchen eingeben ...",
    "Controls.QuickSearch.Placeholder": "Suchen ...",
    "Controls.SelectEditor.ClickToDefine": "*** Für neuen Eintrag klicken ***",
    "Controls.SelectEditor.EmptyItemText": "--auswählen--",
    "Controls.SelectEditor.InplaceAdd": "Neuer Eintrag",
    "Controls.SelectEditor.InplaceEdit": "Bearbeiten",
    "Controls.SelectEditor.NoResultsClickToDefine": "*** Keine Einträge. Für neuen Eintrag klicken ***",
    "Dialogs.AlertTitle": "Achtung",
    "Dialogs.CancelButton": "Abbrechen",
    "Dialogs.ConfirmationTitle": "Bestätigen",
    "Dialogs.InformationTitle": "Information",
    "Dialogs.NoButton": "Nein",
    "Dialogs.OkButton": "OK",
    "Dialogs.WarningTitle": "Warnung",
    "Dialogs.YesButton": "Ja",
    "Enums.CustomFieldType.Boolean": "Logischer Wert (Boolean)",
    "Enums.CustomFieldType.Date": "Datum (Date)",
    "Enums.CustomFieldType.DateTime": "Datum mit Uhrzeit (DateTime)",
    "Enums.CustomFieldType.Decimal": "Gleitkommazahl (Decimal)",
    "Enums.CustomFieldType.Int32": "Ganzzahl (Int32)",
    "Enums.CustomFieldType.Int64": "Ganzzahl (Int64)",
    "Validation.ArgumentIsNull": "Der Parameter {0} ist leer!",
    "Validation.ArgumentOutOfRange": "Der Parameter {0} ist außerhalb des gültigen Wertebereichs!",
    "Validation.CaptchaMismatch": "Falscher Code eingegeben. Sie können mit Klick auf das Bild einen neuen Code generieren, sollte dieser unleserlich sein.",
    "Validation.DateInvalid": "Bitte geben Sie ein gültiges Datum an.",
    "Validation.DayHourAndMin": "Bitte geben Sie eine gültige Uhrzeit an.",
    "Validation.Decimal": "Bitte geben Sie eine gültige Zahl an.",
    "Validation.Digits": "Bitte verwenden Sie nur Ziffern von 0-9.",
    "Validation.Email": "Bitte geben Sie eine gültige E-Mail-Adresse an.",
    "Validation.EmailExists": "Es existiert bereits ein Benutzer mit dieser E-Mail-Adresse! Sofern Sie Ihr Kennwort vergessen haben, verwenden Sie das Kennwort-Vergessen-Formular.",
    "Validation.EmailMultiple": "Bitte geben Sie eine gültige E-Mail-Adresse an (mehrere Adressen mit ';' trennen)",
    "Validation.EntityForeignKeyViolation": "Sie müssen zuerst die verknüpften {0}-Datensätze löschen, bevor Sie diesen Datensatz löschen können!",
    "Validation.EntityHasDeletedParent": "Der übergeordnete Datensatz ist gelöscht. Dieser muss zuerst wiederhergestellt werden, bevor dieser Datensatz bearbeitet werden kann.",
    "Validation.EntityIsNotActive": "Ein gelöschter {0} Datensatz kann nicht bearbeitet werden!",
    "Validation.EntityNotFound": "Datensatz nicht gefunden. Möglicherweise ist er gelöscht oder Sie haben nicht die notwendige Berechtigung.",
    "Validation.EntityReadAccessViolation": "Sie haben nicht die notwendigen Berechtigungen um den {0}-Datensatz mit der Id {1} zu sehen.",
    "Validation.EntityWriteAccessViolation": "Sie haben nicht die notwendigen Berechtigungen um den {0}-Datensatz mit der Id {1} zu bearbeiten.",
    "Validation.FieldInvalidDateRange": "{0} darf nicht früher sein als das Datum {1}!",
    "Validation.FieldInvalidValue": "Ungültiger Wert {0} für Feld {1}!",
    "Validation.FieldIsReadOnly": "{0} ist schreibgeschützt!",
    "Validation.FieldIsRequired": "{0} ist ein Pflichtfeld!",
    "Validation.HourAndMin": "Bitte geben Sie eine gültige Zeit ein (z.B. 15:30)",
    "Validation.IncorrectPassword": "Ungültiges Kennwort. Bitte überprüfen.",
    "Validation.Integer": "Bitte geben Sie eine gültige Ganzzahl an.",
    "Validation.InvalidActivateToken": "Ihr Schlüssel zur Aktivierung des Kontos ist ungültig oder abgelaufen!",
    "Validation.InvalidFormMessage": "Bitte überprüfen Sie leere oder ungültige Eingaben (rot markiert) bevor Sie das Formular abschicken.",
    "Validation.InvalidResetToken": "Ihr Schlüssel zum Zurücksetzen des Kennworts ist ungültig oder abgelaufen!",
    "Validation.MaxDate": "Bitte geben Sie ein Datum vor '{0}' ein.",
    "Validation.MaxLength": "Es sind maximal {0} Zeichen erlaubt.",
    "Validation.MinDate": "Bitte geben Sie ein Datum nach '{0}' ein.",
    "Validation.MinLength": "Es werden mindestens {0} Zeichen benötigt.",
    "Validation.PasswordConfirm": "Das eingegebene Kennwort stimmt nicht überein.",
    "Validation.Range": "Bitte geben Sie einen Wert zwischen {0} und {1} an.",
    "Validation.Recaptcha": "Bitte bestätigen Sie, dass Sie kein Roboter sind.",
    "Validation.RequestIsNull": "Anfrage ist leer!",
    "Validation.Required": "Dieses Feld ist erforderlich.",
    "Validation.UnexpectedError": "Ein unerwarteter Fehler ist aufgetreten.",
    "Validation.UniqueConstraint": "Es existiert bereits ein Eintrag mit den Werten '{0}'.",
    "Validation.Url": "Bitte geben Sie eine gültige Url ein (zum Beispiel http://www.site.com).",
    "Validation.Username": "Kein gültiger Benutzername.",
    "Validation.UsernameExists": "Ein Benutzer mit diesem Namen existiert bereits. Bitte wählen Sie einen anderen Namen.",
    "Validation.Xss": "Ungültiger Wert! (Keine Verwendung von '&lt;' oder '&amp;')"
}