﻿{
  "Authorization.AccessDenied": "আপনার কাছে এটি করার অনুমতি নেই!",
  "Authorization.NotLoggedIn": "আপনাকে এই কর্মের জন্য লগ ইন করতে হবে!",
  "Controls.CheckTreeEditor.SelectAll": "সবগুলো নির্বাচন করুন",
  "Controls.ColumnPickerDialog.HiddenColumns": "লুকানো কলাম",
  "Controls.ColumnPickerDialog.HideHint": "লুকান",
  "Controls.ColumnPickerDialog.RestoreDefaults": "পূর্বনির্ধারন পুনরুদ্ধার",
  "Controls.ColumnPickerDialog.ShowHint": "প্রদর্শন",
  "Controls.ColumnPickerDialog.Title": "কলাম নির্বাচন",
  "Controls.ColumnPickerDialog.VisibleColumns": "দৃশ্যমান কলামগুলি",
  "Controls.DataGrid.NewButton": "নতুন",
  "Controls.EntityDialog.ApplyChangesButton": "পরিবর্তনগুলি প্রয়োগ করুন",
  "Controls.EntityDialog.CloneButton": "ক্লোন",
  "Controls.EntityDialog.DeleteButton": "মুছুন",
  "Controls.EntityDialog.DeleteConfirmation": "আপনি রেকর্ডটি মুছে ফেলতে চান?",
  "Controls.EntityDialog.EditRecordTitle": "{0} সম্পাদনা {1}",
  "Controls.EntityDialog.LocalizationBack": "ফর্মে ফিরে যান",
  "Controls.EntityDialog.LocalizationButton": "স্থানীয়করণ",
  "Controls.EntityDialog.LocalizationConfirmation": "পরিবর্তিত অনুবাদগুলো সংরক্ষণ করবেন?",
  "Controls.EntityDialog.NewRecordTitle": "নতুন {0}",
  "Controls.EntityDialog.SaveButton": "সংরক্ষন",
  "Controls.EntityDialog.SaveSuccessMessage": "সংরক্ষন সফল",
  "Controls.EntityDialog.UndeleteButton": "মুছে ফেলা বাতিল করুন",
  "Controls.EntityDialog.UndeleteConfirmation": "আপনি নিবন্ধন পূর্বাবস্থায় ফেরাতে চান?",
  "Controls.EntityDialog.UpdateButton": "হালনাগাদ",
  "Controls.EntityGrid.IncludeDeletedToggle": "মুছে ফেলা রেকর্ড সহ প্রদর্শন করুন",
  "Controls.EntityGrid.NewButton": "নতুন {0}",
  "Controls.EntityGrid.RefreshButton": "ঝালান",
  "Controls.FilterPanel.AddFilter": "শর্ত জুড়ুন",
  "Controls.FilterPanel.All": "<সবগুলো>",
  "Controls.FilterPanel.And": "এবং",
  "Controls.FilterPanel.AndInParens": "(এবং)",
  "Controls.FilterPanel.ApplyGroups": "গ্রুপিং প্রয়োগ করুন",
  "Controls.FilterPanel.ChangeAndOr": "AND / OR এর মধ্যে পরিবর্তন করতে ক্লিক করুন",
  "Controls.FilterPanel.ClearGroups": "পরিষ্কার গ্রুপিং",
  "Controls.FilterPanel.CurrentFilter": "সক্রিয় ফিল্টার: {0}",
  "Controls.FilterPanel.DialogTitle": "ফিল্টার সম্পাদনা করুন",
  "Controls.FilterPanel.EditFilter": "ফিল্টার",
  "Controls.FilterPanel.EffectiveEmpty": "না",
  "Controls.FilterPanel.EffectiveFilter": "সক্রিয় ফিল্টার:",
  "Controls.FilterPanel.FixErrorsMessage": "লাল চিহ্নিত ত্রুটিগুলো সংশোধন করুন",
  "Controls.FilterPanel.GroupBy": "--গ্রুপ--",
  "Controls.FilterPanel.InvalidDate": "অসিদ্ধ তারিখ!",
  "Controls.FilterPanel.InvalidNumber": "অসিদ্ধ সংখ্যা!",
  "Controls.FilterPanel.InvalidOperator": "অসিদ্ধ অপারেটর!",
  "Controls.FilterPanel.OperatorFormats.bw": "{0}-টি {1} এবং {2}-এর মধ্যে",
  "Controls.FilterPanel.OperatorFormats.contains": "{0}-তে বিদ্যমান '{1}'",
  "Controls.FilterPanel.OperatorFormats.eq": "{0} = {1}",
  "Controls.FilterPanel.OperatorFormats.false": "{0} = না",
  "Controls.FilterPanel.OperatorFormats.ge": "{0} >= {1}",
  "Controls.FilterPanel.OperatorFormats.gt": "{0} > {1}",
  "Controls.FilterPanel.OperatorFormats.in": "{0}-টি [{1}]-এর মধ্যে একটি",
  "Controls.FilterPanel.OperatorFormats.isnotnull": "{0} নাল নয়",
  "Controls.FilterPanel.OperatorFormats.isnull": "{0} নাল",
  "Controls.FilterPanel.OperatorFormats.le": "{0} <= {1}",
  "Controls.FilterPanel.OperatorFormats.lt": "{0} < {1}",
  "Controls.FilterPanel.OperatorFormats.ne": "{0} <> {1}",
  "Controls.FilterPanel.OperatorFormats.startswith": "'{1}' দিয়ে আরম্ভ {0}",
  "Controls.FilterPanel.OperatorFormats.true": "{0} = হ্যাঁ",
  "Controls.FilterPanel.OperatorNames.bw": "দুটোর মধ্যে",
  "Controls.FilterPanel.OperatorNames.contains": "বিদ্যমান",
  "Controls.FilterPanel.OperatorNames.eq": "সমান",
  "Controls.FilterPanel.OperatorNames.false": "না",
  "Controls.FilterPanel.OperatorNames.ge": "বৃহত্তর অথবা সমান",
  "Controls.FilterPanel.OperatorNames.gt": "বৃহত্তর",
  "Controls.FilterPanel.OperatorNames.in": "মধ্যে",
  "Controls.FilterPanel.OperatorNames.isnotnull": "নাল নয়",
  "Controls.FilterPanel.OperatorNames.isnull": "নাল",
  "Controls.FilterPanel.OperatorNames.le": "ক্ষুদ্রতম অথবা সমান",
  "Controls.FilterPanel.OperatorNames.lt": "ক্ষুদ্রতম",
  "Controls.FilterPanel.OperatorNames.ne": "সমান নয়",
  "Controls.FilterPanel.OperatorNames.startswith": "দিয়ে আরম্ভ",
  "Controls.FilterPanel.OperatorNames.true": "হ্যাঁ",
  "Controls.FilterPanel.Or": "অথবা",
  "Controls.FilterPanel.OrInParens": "(অথবা)",
  "Controls.FilterPanel.RemoveField": "শর্ত বাতিল",
  "Controls.FilterPanel.ResetButton": "পুনরুদ্ধার",
  "Controls.FilterPanel.ResetFilterHint": "ফিল্টার পুনরুদ্ধার",
  "Controls.FilterPanel.SearchButton": "ফিল্টার আবেদন",
  "Controls.FilterPanel.SelectField": "--ক্ষেত্র নির্বাচন--",
  "Controls.FilterPanel.ThenBy": "--তারপর--",
  "Controls.FilterPanel.ValueRequired": "মান প্রয়োজন!",
  "Controls.ImageUpload.AddFileButton": "ফাইল নির্বাচন",
  "Controls.ImageUpload.ColorboxClose": "পরবর্তি",
  "Controls.ImageUpload.ColorboxCurrent": "ইমেজ {বর্তমান} / {মোট}",
  "Controls.ImageUpload.ColorboxNext": "পরবর্তি",
  "Controls.ImageUpload.ColorboxPrior": "অগ্রবর্তি",
  "Controls.ImageUpload.DeleteButtonHint": "মুছুন",
  "Controls.ImageUpload.MaxHeight": "আপলোডকৃত ইমেজের উচ্চতা অবশ্যই {0} পিক্সেলের কম হতে হবে!",
  "Controls.ImageUpload.MaxWidth": "আপলোডকৃত ইমেজের প্রস্থ অবশ্যই {0} পিক্সেলের কম হতে হবে!",
  "Controls.ImageUpload.MinHeight": "আপলোডকৃত ইমেজের উচ্চতা অবশ্যই {0} পিক্সেলের বেশি হতে হবে!",
  "Controls.ImageUpload.MinWidth": "আপলোডকৃত ইমেজের প্রস্থ অবশ্যই {0} পিক্সেলের কম হতে হবে!",
  "Controls.ImageUpload.NotAnImageFile": "আপলোডকৃত ফাইলটি ইমেজ নয়!",
  "Controls.ImageUpload.UploadFileTooBig": "আপলোডকৃত ফাইলের সাইজ {0}-এর কম হতে হবে!",
  "Controls.ImageUpload.UploadFileTooSmall": "আপলোডকৃত ফাইলের সাইজ {0}-এর বেশি হতে হবে!",
  "Controls.Pager.DefaultLoadError": "তথ্য লোডে ত্রুটি হয়েছে",
  "Controls.Pager.LoadingStatus": "অপেক্ষা করুন, তথ্য লোড হচ্ছে...",
  "Controls.Pager.NoRowStatus": "রেকর্ড নাই",
  "Controls.Pager.Page": "পৃষ্ঠা",
  "Controls.Pager.PageStatus": "মোট {total}টি রেকর্ডের মধ্যে {from} থেকে {to} পর্যন্ত প্রদর্শিত হচ্ছে",
  "Controls.PropertyGrid.DefaultCategory": "প্রোপার্টিজ",
  "Controls.PropertyGrid.RequiredHint": "এই ক্ষেত্রটি আবশ্যকীয়",
  "Controls.QuickSearch.FieldSelection": "অনুসন্ধানের ফিল্ড নির্বাচন করুন",
  "Controls.QuickSearch.Hint": "অনুসন্ধানের জন্য লিখুন...",
  "Controls.QuickSearch.Placeholder": "অনুসন্ধান...",
  "Controls.SelectEditor.ClickToDefine": "*** নতুন একটি অন্তর্ভুক্ত করতে ক্লিক করুন ***",
  "Controls.SelectEditor.EmptyItemText": "--নির্বাচন--",
  "Controls.SelectEditor.InplaceAdd": "নতুন সংজ্ঞা",
  "Controls.SelectEditor.InplaceEdit": "সম্পাদন",
  "Controls.SelectEditor.NoResultsClickToDefine": "*** ফলাফল নাই। নতুন একটি অন্তর্ভুক্ত করতে ক্লিক করুন ***",
  "Db.Shared.RecordId": "আইডি",
  "Dialogs.AlertTitle": "ত্রুটি",
  "Dialogs.CancelButton": "বাতিল",
  "Dialogs.ConfirmationTitle": "অনুমোদন",
  "Dialogs.InformationTitle": "তথ্য",
  "Dialogs.MaximizeHint": "স্ক্রীন বাড়ান",
  "Dialogs.NoButton": "না",
  "Dialogs.OkButton": "ঠিক আছে",
  "Dialogs.RestoreHint": "আগের আকারে ফিরে যান",
  "Dialogs.WarningTitle": "সাবধানবাণী",
  "Dialogs.YesButton": "হ্যাঁ",
  "Enums.CustomFieldType.Boolean": "বুলিয়ান (Boolean)",
  "Enums.CustomFieldType.Date": "তারিখ (Date)",
  "Enums.CustomFieldType.DateTime": "তারিখ / সময় (DateTime)",
  "Enums.CustomFieldType.Decimal": "দশমিক সংখ্যা (Decimal)",
  "Enums.CustomFieldType.Int32": "পূর্ণসংখ্যা (Int32)",
  "Enums.CustomFieldType.Int64": "পূর্ণসংখ্যা (Int64)",
  "Enums.CustomFieldType.String": "স্ট্রিং (String)",
  "Validation.ArgumentIsNull": "আর্গুমেন্ট {0} নাল!",
  "Validation.ArgumentOutOfRange": "আর্গুমেন্ট {0} সীমার বাইরে!",
  "Validation.AuthenticationError": "ভুল ব্যবহারকারী নাম বা পাসওয়ার্ড!",
  "Validation.CantFindUserWithEmail": "যে ই-মেইল ঠিকানা দিয়ে ব্যবহারকারী খুঁজে পাচ্ছেন না!",
  "Validation.CaptchaMismatch": "ভুল কোড প্রবেশ করিয়েছেন। ইমেজ ক্লিক করে আপনি একটি নতুন তৈরি করতে পারেন, যদি আপনি অক্ষর স্পষ্টভাবে দেখতে না পারেন।",
  "Validation.CurrentPasswordMismatch": "আপনার বর্তমান পাসওয়ার্ড সঠিক নয়!",
  "Validation.DateInvalid": "সঠিক তারিখ লিখুন।",
  "Validation.DayHourAndMin": "একটি সঠিক timespan লিখুন (উদাঃ 2.15: 30)",
  "Validation.Decimal": "একটি সঠিক দশমিক মান লিখুন",
  "Validation.DeleteForeignKeyError": "রেকর্ড মুছে ফেলতে পারবেন না '{0}' টেবিলের রেকর্ড আছে যা এর উপর নির্ভর করে!",
  "Validation.Digits": "শুধুমাত্র সংখ্যা 0-9 ব্যবহার করুন",
  "Validation.Email": "একটি সঠিক ই-মেইল ঠিকানা লিখুন।",
  "Validation.EmailConfirm": "প্রবেশ করানো ই-মেইল মেলে না!",
  "Validation.EmailExists": "এই ই-মেইল ঠিকানাতে নিবন্ধিত অন্য একটি ব্যবহারকারী আছে। যদি আপনি আপনার পাসওয়ার্ড মনে করতে না পারেন, তবে পাসওয়ার্ড ভুলে গেছি ফর্মে যান।",
  "Validation.EmailInUse": "এই ই-মেইল দিয়ে অন্য ব্যবহারকারী রয়েছে!",
  "Validation.EmailMultiple": "একটি সঠিক ই-মেইল ঠিকানা লিখুন (যদি একাধিক থাকে,তাহলে 'বিভাজক' হিসাবে ';' ব্যবহার করুন)",
  "Validation.EntityForeignKeyViolation": "এই রেকর্ড মুছে ফেলার আগে আপনাকে অবশ্যই সম্পর্কিত {0} রেকর্ডসমুহ মুছে ফেলতে হবে!",
  "Validation.EntityHasDeletedParent": "এই রেকর্ডটি নিয়ে কাজ করার আগে, তার মুল রেকর্ড (Parent) অবশ্যই undelete হওয়া আবশ্যক!",
  "Validation.EntityIsNotActive": "মুছে ফেলা {0} রেকর্ডে কাজ করা যাবে না!",
  "Validation.EntityNotFound": "রেকর্ড খুঁজে পাওয়া যায় নি। এটি মুছে ফেলা হতে পারে অথবা আপনার অনুমতি নেই!",
  "Validation.EntityReadAccessViolation": "আপনার {0} দেখার অনুমতি নাই। চাবি: {0}",
  "Validation.EntityWriteAccessViolation": "আপনার {0} পরিবর্তন করার অনুমতি নাই। চাবি: {0}",
  "Validation.FieldInvalidDateRange": "{0} ক্ষেত্রের মান প্রারম্ভিক তারিখ {1} হতে পারে না!",
  "Validation.FieldInvalidValue": "ক্ষেত্র {1}-এর জন্য {0} ত্রুটিপুর্ন!",
  "Validation.FieldIsReadOnly": "{0} ক্ষেত্র শুধুমাত্র পড়তে হয়!",
  "Validation.FieldIsRequired": "{0} ক্ষেত্রের মান প্রয়োজন!",
  "Validation.HourAndMin": "সঠিকভাবে সময় প্রবেশ করুন (যেমন 15:30)",
  "Validation.IncorrectPassword": "ভুল পাসওয়ার্ড। দয়া করে পরীক্ষা করুন",
  "Validation.Integer": "একটি যথাযথ পূর্ণসংখ্যা মান লিখুন।",
  "Validation.InvalidActivateToken": "আপনার অ্যাকাউন্ট সক্রিয় করতে আপনার টোকেনটি অবৈধ বা মেয়াদ শেষ হয়ে গেছে!",
  "Validation.InvalidFormMessage": "ফর্মটি জমা দেওয়ার আগে দয়া করে খালি বা অসংগতিপুর্ন ইনপুটগুলি যাচাই করুন (লাল দ্বারা চিহ্নিত)।",
  "Validation.InvalidResetToken": "আপনার পাসওয়ার্ড রিসেট করতে আপনার টোকেনটি অবৈধ বা মেয়াদ শেষ হয়ে গেছে!",
  "Validation.MaxDate": "'{0}' এর আগের একটি তারিখ লিখুন।",
  "Validation.MaxLength": "দয়া করে {0} অক্ষরের চেয়ে বেশি লিখুন না।",
  "Validation.MinDate": "'{0}' এর পরের একটি তারিখ লিখুন।",
  "Validation.MinLength": "দয়া করে {0} অক্ষরের চেয়ে কম লিখুন।",
  "Validation.MinRequiredPasswordLength": "প্রবেশকৃত পাসওয়ার্ডে যথেষ্ট অক্ষর নেই (সর্বনিম্ন {0})!",
  "Validation.NorthwindPhone": "ফোন নম্বর '(503) 555-9831' বিন্যাসে প্রবেশ করা উচিত।",
  "Validation.NorthwindPhoneMultiple": "ফোন নম্বর '(503) 555-9831' বিন্যাসে প্রবেশ করা উচিত। একাধিক ফোন নাম্বার কমা (,) দ্বারা পৃথক করা যেতে পারে।",
  "Validation.PasswordConfirm": "প্রবেশ করানো পাসওয়ার্ড মেলে না।",
  "Validation.Range": "{0} এবং {1} এর মধ্যে একটি মান লিখুন।",
  "Validation.Recaptcha": "আপনি যে একটি রোবট না তা যাচাই করুন!",
  "Validation.RequestIsNull": "অনুরোধ নাল!",
  "Validation.Required": "ঘরটি অবশ্যই পূরণ করতে হবে।",
  "Validation.SavePrimaryKeyError": "রেকর্ড সংরক্ষণ করতে পারবেন না একই {1} মানের অন্য রেকর্ড আছে!",
  "Validation.UnexpectedError": "একটি অপ্রত্যাশিত ত্রুটি ঘটেছে!",
  "Validation.UniqueConstraint": "একই '{0}' মানের আরো রেকর্ড বিদ্যমান!",
  "Validation.UniqueViolation": "একত্ব নষ্ট হচ্ছে",
  "Validation.Url": "দয়া করে একটি যথাযথ URL লিখুন (উদাঃ http://www.site.com)।",
  "Validation.Username": "ব্যবহারকারীর নাম যথাযথ নয়।",
  "Validation.UsernameExists": "এই ব্যবহারকারীর নাম ইতিমধ্যে ব্যবহৃত হয়েছে। অন্য চয়ন করুন।",
  "Validation.Xss": "অবৈধ মান! ('& lt;' এবং '& amp;' ব্যবহার করবেন না"
}
