{
  "Authorization.AccessDenied": "Авторизация по этому запросу отклонена!",
  "Authorization.NotLoggedIn": "Для этого запроса требуется авторизация!",
  "Controls.ColumnPickerDialog.HiddenColumns": "Скрытые поля",
  "Controls.ColumnPickerDialog.HideHint": "скрыть",
  "Controls.ColumnPickerDialog.RestoreDefaults": "Восстановить значения по-умолчанию",
  "Controls.ColumnPickerDialog.ShowHint": "показать",
  "Controls.ColumnPickerDialog.Title": "Выбрать колонки",
  "Controls.ColumnPickerDialog.VisibleColumns": "Видимые колонки",
  "Controls.EntityDialog.ApplyChangesButton": "Применить изменения",
  "Controls.EntityDialog.CloneButton": "Дублировать",
  "Controls.EntityDialog.DeleteButton": "Удалить",
  "Controls.EntityDialog.DeleteConfirmation": "Удалить запись?",
  "Controls.EntityDialog.EditRecordTitle": "Редактировать {0}{1}",
  "Controls.EntityDialog.LocalizationBack": "Вернуться к форме",
  "Controls.EntityDialog.LocalizationButton": "Локализация",
  "Controls.EntityDialog.LocalizationConfirmation": "Сохранить изменения перевода?",
  "Controls.EntityDialog.NewRecordTitle": "Новое {0}",
  "Controls.EntityDialog.SaveButton": "Сохранить",
  "Controls.EntityDialog.SaveSuccessMessage": "Успешно сохранено",
  "Controls.EntityDialog.UndeleteButton": "Восстановить",
  "Controls.EntityDialog.UndeleteConfirmation": "Восстановить запись?",
  "Controls.EntityDialog.UpdateButton": "Обновить",
  "Controls.EntityGrid.IncludeDeletedToggle": "Показать неактивные записи",
  "Controls.EntityGrid.NewButton": "Новое {0}",
  "Controls.EntityGrid.RefreshButton": "Восстановить",
  "Controls.FilterPanel.AddFilter": "добавить условие",
  "Controls.FilterPanel.All": "<все>",
  "Controls.FilterPanel.And": "и",
  "Controls.FilterPanel.AndInParens": "(и)",
  "Controls.FilterPanel.ApplyGroups": "применить группировку",
  "Controls.FilterPanel.ChangeAndOr": "переключить между И/ИЛИ",
  "Controls.FilterPanel.ClearGroups": "очистить группировку",
  "Controls.FilterPanel.CurrentFilter": "Текущий фильтр: {0}",
  "Controls.FilterPanel.DialogTitle": "Редактировать фильтр",
  "Controls.FilterPanel.EditFilter": "редактировать фильтр",
  "Controls.FilterPanel.EffectiveEmpty": "пусто",
  "Controls.FilterPanel.EffectiveFilter": "Активный фильтр:",
  "Controls.FilterPanel.FixErrorsMessage": "Пожалуйста, исправьте ошибки, помеченные красным",
  "Controls.FilterPanel.GroupBy": "--группировка--",
  "Controls.FilterPanel.InvalidDate": "Некорректная дата!",
  "Controls.FilterPanel.InvalidNumber": "Некорректное число!",
  "Controls.FilterPanel.InvalidOperator": "Некорректный оператор",
  "Controls.FilterPanel.OperatorFormats.bw": "{0} между {1} и {2}",
  "Controls.FilterPanel.OperatorFormats.contains": "{0} содержит '{1}'",
  "Controls.FilterPanel.OperatorFormats.eq": "{0} = {1}",
  "Controls.FilterPanel.OperatorFormats.false": "{0} = нет",
  "Controls.FilterPanel.OperatorFormats.ge": "{0} >= {1}",
  "Controls.FilterPanel.OperatorFormats.gt": "{0} > {1}",
  "Controls.FilterPanel.OperatorFormats.in": "{0} содержится в [{1}]",
  "Controls.FilterPanel.OperatorFormats.isnotnull": "{0} не равно null",
  "Controls.FilterPanel.OperatorFormats.isnull": "{0} равно null",
  "Controls.FilterPanel.OperatorFormats.le": "{0} <= {1}",
  "Controls.FilterPanel.OperatorFormats.lt": "{0} < {1}",
  "Controls.FilterPanel.OperatorFormats.ne": "{0} <> {1}",
  "Controls.FilterPanel.OperatorFormats.startswith": "{0} начинается с '{1}'",
  "Controls.FilterPanel.OperatorFormats.true": "{0} = истина",
  "Controls.FilterPanel.OperatorNames.bw": "между",
  "Controls.FilterPanel.OperatorNames.contains": "содержит",
  "Controls.FilterPanel.OperatorNames.eq": "равно",
  "Controls.FilterPanel.OperatorNames.false": "ложь",
  "Controls.FilterPanel.OperatorNames.ge": "больше или равно",
  "Controls.FilterPanel.OperatorNames.gt": "больше",
  "Controls.FilterPanel.OperatorNames.in": "в",
  "Controls.FilterPanel.OperatorNames.isnotnull": "не равно null",
  "Controls.FilterPanel.OperatorNames.isnull": "равно null",
  "Controls.FilterPanel.OperatorNames.le": "меньше или равно",
  "Controls.FilterPanel.OperatorNames.lt": "меньше",
  "Controls.FilterPanel.OperatorNames.ne": "не равно",
  "Controls.FilterPanel.OperatorNames.startswith": "начинается с",
  "Controls.FilterPanel.OperatorNames.true": "истина",
  "Controls.FilterPanel.Or": "или",
  "Controls.FilterPanel.OrInParens": "(или)",
  "Controls.FilterPanel.RemoveField": "удалить условие",
  "Controls.FilterPanel.ResetButton": "сброс",
  "Controls.FilterPanel.ResetFilterHint": "очистить фильтр",
  "Controls.FilterPanel.SearchButton": "применить фильтр",
  "Controls.FilterPanel.SelectField": "---выберите поле---",
  "Controls.FilterPanel.ThenBy": "--затем--",
  "Controls.FilterPanel.ValueRequired": "значение обязательно!",
  "Controls.ImageUpload.AddFileButton": "Выберите файл",
  "Controls.ImageUpload.ColorboxClose": "закрыть",
  "Controls.ImageUpload.ColorboxCurrent": "изображение {current} / {total}",
  "Controls.ImageUpload.ColorboxNext": "следующее",
  "Controls.ImageUpload.ColorboxPrior": "предыдущее",
  "Controls.ImageUpload.DeleteButtonHint": "Удалить",
  "Controls.ImageUpload.MaxHeight": "Загруженное изображение должно быть не более {0} пикселей в высоту!",
  "Controls.ImageUpload.MaxWidth": "Загруженное изображение должно быть не более {0} пикселей в ширину!",
  "Controls.ImageUpload.MinHeight": "Загруженное изображение должно быть не менее {0} пикселей в высоту!",
  "Controls.ImageUpload.MinHieght": "Загруженное изображение должно быть не менее {0} пикселей в высоту!",
  "Controls.ImageUpload.MinWidth": "Загруженное изображение должно быть не менее {0} пикселей в ширину!",
  "Controls.ImageUpload.NotAnImageFile": "Загруженный файл не является изображением!",
  "Controls.ImageUpload.UploadFileTooBig": "Загруженный файл должен быть меньше {0}!",
  "Controls.ImageUpload.UploadFileTooSmall": "Загруженный файл должен быть не менее {0}!",
  "Controls.Pager.DefaultLoadError": "При загрузке данных произошла ошибка!",
  "Controls.Pager.LoadingStatus": "Подождите, идёт загрузка данных...",
  "Controls.Pager.NoRowStatus": "Нет записей",
  "Controls.Pager.Page": "Страница",
  "Controls.Pager.PageStatus": "Показано {from}-{to} из {total} записей",
  "Controls.PropertyGrid.DefaultCategory": "Свойства",
  "Controls.PropertyGrid.RequiredHint": "обязательное поле",
  "Controls.QuickSearch.FieldSelection": "выберите поле для поиска",
  "Controls.QuickSearch.Hint": "введите текст для поиска...",
  "Controls.QuickSearch.Placeholder": "поиск...",
  "Controls.SelectEditor.ClickToDefine": "*** Нажмите, чтобы создать новый ***",
  "Controls.SelectEditor.EmptyItemText": "--выбрать--",
  "Controls.SelectEditor.InplaceAdd": "Создать новый",
  "Controls.SelectEditor.InplaceEdit": "Редактировать",
  "Controls.SelectEditor.NoResultsClickToDefine": "*** Нет значений. Нажмите, чтобы создать новый ***",
  "Db.Shared.RecordId": "Код",
  "Dialogs.AlertTitle": "Предупреждение",
  "Dialogs.CancelButton": "Отмена",
  "Dialogs.ConfirmationTitle": "Подтверждение",
  "Dialogs.InformationTitle": "Информация",
  "Dialogs.MaximizeHint": "Развернуть",
  "Dialogs.NoButton": "Нет",
  "Dialogs.OkButton": "OK",
  "Dialogs.RestoreHint": "Восстановить",
  "Dialogs.WarningTitle": "Внимание",
  "Dialogs.YesButton": "Да",
  "Enums.CustomFieldType.Boolean": "Логический тип",
  "Enums.CustomFieldType.Date": "Дата",
  "Enums.CustomFieldType.DateTime": "Дата и время",
  "Enums.CustomFieldType.Decimal": "Десятичное число",
  "Enums.CustomFieldType.Int32": "Число Int32",
  "Enums.CustomFieldType.Int64": "Число Int64",
  "Enums.CustomFieldType.String": "Строка",
  "Validation.ArgumentIsNull": "Аргумент {0} не определён!",
  "Validation.ArgumentOutOfRange": "Аргумент {0} вне диапазона!",
  "Validation.AuthenticationError": "Некорректное имя пользователя или пароль!",
  "Validation.CurrentPasswordMismatch": "Ваш текущий пароль некорректен!",
  "Validation.DateInvalid": "Введите корректную дату.",
  "Validation.DayHourAndMin": "Введите корректный временной интервал (например, 2.15:30)",
  "Validation.Decimal": "Введите корректное десятичное значение.",
  "Validation.DeleteForeignKeyError": "Не удаётся удалить запись. Таблица '{0}' содержит записи, которые ссылаются на данную запись.",
  "Validation.Digits": "Пожалуйста, используйте только цифры от 0 до 9.",
  "Validation.Email": "Введите корректный e-mail адрес.",
  "Validation.EmailConfirm": "Введённые адреса не совпадают!",
  "Validation.EmailExists": "Данный e-mail адрес занят другим пользователем. Если вы не помните ваш пароль, используйте форму восстановления пароля.",
  "Validation.EmailInUse": "Существует другой пользователь с данным адресом e-mail!",
  "Validation.EmailMultiple": "Введите корректный e-mail адрес (если их несколько, используйте ';' для их разделения).",
  "Validation.EntityForeignKeyViolation": "Перед удалением этой записи необходимо удалить {0} ссылающихся на неё записей.",
  "Validation.EntityHasDeletedParent": "Перед использованием данной записи её родитель должен быть восстановлен.",
  "Validation.EntityIsNotActive": "Нельзя оперировать с удалёнными {0} записями!",
  "Validation.EntityNotFound": "Запись не найдена. Она может быть удалена, или вы не имеете необходимых разрешений!",
  "Validation.EntityReadAccessViolation": "Вы не имеете необходимых разрешений для просмотра {0} записей с ключом: {1}.",
  "Validation.EntityWriteAccessViolation": "Вы не имеете необходимых разрешений для обновления {0} записей с ключом: {1}.",
  "Validation.FieldInvalidDateRange": "{0} значение поля не может быть меньше даты {1}!",
  "Validation.FieldInvalidValue": "Некорректное значение {0} для поля {1}!",
  "Validation.FieldIsReadOnly": "Поле {0} доступно только для чтения!",
  "Validation.FieldIsRequired": "Поле {0} обязательно!",
  "Validation.HourAndMin": "Пожалуйста, введите корректное время (например, 15:30).",
  "Validation.IncorrectPassword": "Некорректный пароль. Пожалуйста, проверьте.",
  "Validation.Integer": "Пожалуйста, введите корректное целое число.",
  "Validation.InvalidFormMessage": "Пожалуйста, проверьте пустые и некорректные значения (помеченные красным) перед отправкой формы.",
  "Validation.InvalidResetToken": "Токен сброса пароля некорректен или просрочен!",
  "Validation.MaxDate": "Пожалуйста, введите дату меньше '{0}'.",
  "Validation.MaxLength": "Пожалуйста, введите не более {0} символов.",
  "Validation.MinDate": "Пожалуйста, введите дату больше '{0}'.",
  "Validation.MinLength": "Пожалуйста, введите не менее {0} символов.",
  "Validation.MinRequiredPasswordLength": "Введённый пароль слишком короткий (минимум {0} символов)!",
  "Validation.PasswordConfirm": "Введённые пароли не совпадают.",
  "Validation.Range": "Пожалуйста, введите значение между {0} и {1}.",
  "Validation.Recaptcha": "Докажите, что вы не робот.",
  "Validation.RequestIsNull": "Запрос не определён!",
  "Validation.Required": "Данное поле обязательно.",
  "Validation.SavePrimaryKeyError": "Не удаётся сохранить запись. Существует другая запись со значением {0}!",
  "Validation.UnexpectedError": "Возникло неожиданное исключение!",
  "Validation.UniqueConstraint": "Существует другая запись со значением {0}!",
  "Validation.UniqueViolation": "Нарушение уникальности.",
  "Validation.Url": "Пожалуйста, введите корректную ссылку (например, http://www.site.com).",
  "Validation.Username": "Некорректное имя пользователя.",
  "Validation.UsernameExists": "Это имя пользователя уже используется. Выберите другое.",
  "Validation.Xss": "Некорректное значение! (не используйте '&lt;' и '&amp;')"
}