{
    "Db.Northwind.Category.CategoryID": "شناسه",
    "Db.Northwind.Category.CategoryName": "نام",
    "Db.Northwind.Category.Description": "توضیحات",
    "Db.Northwind.Category.EntityPlural": "گروه ها",
    "Db.Northwind.Category.EntitySingular": "گروه",
    "Db.Northwind.Category.Picture": "تصویر",
    "Db.Northwind.Customer.Address": "آدرس",
    "Db.Northwind.Customer.City": "شهر",
    "Db.Northwind.Customer.CompanyName": "شرکت",
    "Db.Northwind.Customer.ContactName": "نام",
    "Db.Northwind.Customer.ContactTitle": "عنوان",
    "Db.Northwind.Customer.Country": "کشور",
    "Db.Northwind.Customer.CustomerID": "شناسه مشترک",
    "Db.Northwind.Customer.EntityPlural": "مشتریان",
    "Db.Northwind.Customer.EntitySingular": "مشترک",
    "Db.Northwind.Customer.Fax": "نمابر",
    "Db.Northwind.Customer.ID": "شناسه",
    "Db.Northwind.Customer.Phone": "تلفن",
    "Db.Northwind.Customer.PostalCode": "کد پستی",
    "Db.Northwind.Customer.Region": "منطقه",
    "Db.Northwind.CustomerCustomerDemo.CustomerAddress": "آدرس",
    "Db.Northwind.CustomerCustomerDemo.CustomerCity": "شهر",
    "Db.Northwind.CustomerCustomerDemo.CustomerCompanyName": "شرکت",
    "Db.Northwind.CustomerCustomerDemo.CustomerContactName": "نام",
    "Db.Northwind.CustomerCustomerDemo.CustomerContactTitle": "عنوان",
    "Db.Northwind.CustomerCustomerDemo.CustomerCountry": "کشور",
    "Db.Northwind.CustomerCustomerDemo.CustomerFax": "نمابر",
    "Db.Northwind.CustomerCustomerDemo.CustomerID": "مشتریان-شناسه",
    "Db.Northwind.CustomerCustomerDemo.CustomerPhone": "تلفن",
    "Db.Northwind.CustomerCustomerDemo.CustomerPostalCode": "کد پستی",
    "Db.Northwind.CustomerCustomerDemo.CustomerRegion": "منطقه",
    "Db.Northwind.CustomerCustomerDemo.CustomerTypeCustomerDesc": "توضیحات نوع مشترک",
    "Db.Northwind.CustomerCustomerDemo.CustomerTypeID": "شناسه نوع مشترک",
    "Db.Northwind.CustomerCustomerDemo.ID": "شناسه",
    "Db.Northwind.CustomerDemographic.CustomerDesc": "توضیحات",
    "Db.Northwind.CustomerDemographic.CustomerTypeID": "نوع مشتری",
    "Db.Northwind.CustomerDemographic.ID": "شناسه",
    "Db.Northwind.Employee.Address": "آدرس",
    "Db.Northwind.Employee.BirthDate": "تاریخ تولد",
    "Db.Northwind.Employee.City": "شهر",
    "Db.Northwind.Employee.Country": "کشور",
    "Db.Northwind.Employee.EmployeeID": "پرسنل",
    "Db.Northwind.Employee.EntityPlural": "پرسنل",
    "Db.Northwind.Employee.EntitySingular": "پرسنل",
    "Db.Northwind.Employee.Extension": "افزونه",
    "Db.Northwind.Employee.FirstName": "نام",
    "Db.Northwind.Employee.FullName": "نام کامل",
    "Db.Northwind.Employee.Gender": "جنسیت",
    "Db.Northwind.Employee.HireDate": "تاریخ استخدام",
    "Db.Northwind.Employee.HomePhone": "تلفن شخصی",
    "Db.Northwind.Employee.LastName": "نام خانوادگی",
    "Db.Northwind.Employee.Notes": "یادداشت",
    "Db.Northwind.Employee.Photo": "تصویر",
    "Db.Northwind.Employee.PhotoPath": "مسیر تصویر",
    "Db.Northwind.Employee.PostalCode": "کد پستی",
    "Db.Northwind.Employee.Region": "منطقه",
    "Db.Northwind.OrderDetail.Quantity": "مقدار",
    "Db.Northwind.OrderDetail.UnitPrice": "قیمت ها",
    "Db.Northwind.Product.CategoryDescription": "توضیحات دسته",
    "Db.Northwind.Product.CategoryID": "دسته",
    "Db.Northwind.Product.CategoryName": "نام دسته",
    "Db.Northwind.Product.CategoryPicture": "تصویر دسته",
    "Db.Northwind.Product.Discontinued": "Stillgelegt",
    "Db.Northwind.Product.EntityPlural": "کالاها",
    "Db.Northwind.Product.EntitySingular": "کالا",
    "Db.Northwind.Product.ProductID": "شناسه",
    "Db.Northwind.Product.ProductImage": "Bild",
    "Db.Northwind.Product.ProductName": "نام",
    "Db.Northwind.Product.QuantityPerUnit": "مقدار در واحد",
    "Db.Northwind.Product.ReorderLevel": "ReorderLevel",
    "Enums.Northwind.OrderShippingState.NotShipped": "تحویل نشده",
    "Enums.Northwind.OrderShippingState.Shipped": "تحویل شده",
    "Navigation.Northwind": "نسیم شمال",
    "Navigation.Northwind/Categories": "گروه ها",
    "Navigation.Northwind/Customers": "مشتریان",
    "Navigation.Northwind/Employees": "پرسنل",
    "Navigation.Northwind/Orders": "سفارشات",
    "Navigation.Northwind/Products": "کالاها",
    "Navigation.Northwind/Regions": "مناطق",
    "Navigation.Northwind/Shippers": "توزیع کننده ها",
    "Navigation.Northwind/Suppliers": "تهیه کننده ها",
    "Navigation.Northwind/Territories": "محدوده ها",
    "Permission.Northwind:Customer": "مشتریان",
    "Permission.Northwind:Customer:Delete": "حذف",
    "Permission.Northwind:Customer:Modify": "اصلاح",
    "Permission.Northwind:Customer:View": "نمایش",
    "Permission.Northwind:General": "عمومی"
}