{
  "Db.Northwind.Category.CategoryName": "Kategori Adı",
  "Db.Northwind.Category.Description": "Açıklama",
  "Db.Northwind.Category.EntityPlural": "Kategoriler",
  "Db.Northwind.Category.EntitySingular": "Kategori",
  "Db.Northwind.Category.Picture": "Resim",
  "Db.Northwind.Customer.Address": "Adres",
  "Db.Northwind.Customer.City": "Şehir",
  "Db.Northwind.Customer.CompanyName": "Firma Adı",
  "Db.Northwind.Customer.ContactName": "İlgili Kişi Adı",
  "Db.Northwind.Customer.ContactTitle": "İlgili Kişi Unvanı",
  "Db.Northwind.Customer.Country": "Ülke",
  "Db.Northwind.Customer.CustomerID": "Müşteri Kodu",
  "Db.Northwind.Customer.EntityPlural": "Müşteriler",
  "Db.Northwind.Customer.EntitySingular": "Müşteri",
  "Db.Northwind.Customer.Fax": "Faks",
  "Db.Northwind.Customer.Phone": "Telefon",
  "Db.Northwind.Customer.PostalCode": "Posta Kodu",
  "Db.Northwind.Customer.Region": "Bölge",
  "Db.Northwind.Employee.Address": "Adres",
  "Db.Northwind.Employee.BirthDate": "Doğum Tarihi",
  "Db.Northwind.Employee.City": "Şehir",
  "Db.Northwind.Employee.Country": "Ülke",
  "Db.Northwind.Employee.EntityPlural": "Personeller",
  "Db.Northwind.Employee.EntitySingular": "Personel",
  "Db.Northwind.Employee.Extension": "Dahili",
  "Db.Northwind.Employee.FirstName": "Adı",
  "Db.Northwind.Employee.FullName": "Adı Soyadı",
  "Db.Northwind.Employee.HireDate": "İşe Giriş Tarihi",
  "Db.Northwind.Employee.HomePhone": "Ev Telefonu",
  "Db.Northwind.Employee.LastName": "Soyadı",
  "Db.Northwind.Employee.Photo": "Fotoğraf",
  "Db.Northwind.Employee.PhotoPath": "Fotoğraf Yolu",
  "Db.Northwind.Employee.PostalCode": "Posta Kodu",
  "Db.Northwind.Employee.Region": "Bölge",
  "Db.Northwind.Employee.ReportsToFullName": "Amiri",
  "Db.Northwind.Employee.Title": "Unvan",
  "Db.Northwind.Employee.TitleOfCourtesy": "Nezaket Unvanı",
  "Db.Northwind.Order.CustomerCompanyName": "Müşteri",
  "Db.Northwind.Order.CustomerID": "Müşteri",
  "Db.Northwind.Order.DetailList": "Sipariş Detayı",
  "Db.Northwind.Order.EmployeeID": "Personel",
  "Db.Northwind.Order.EmployeeName": "Personel",
  "Db.Northwind.Order.EntityPlural": "Siparişler",
  "Db.Northwind.Order.EntitySingular": "Sipariş",
  "Db.Northwind.Order.Freight": "Ağırlık",
  "Db.Northwind.Order.OrderDate": "Sipariş Tarihi",
  "Db.Northwind.Order.OrderID": "Sipariş No",
  "Db.Northwind.Order.RequiredDate": "İstenen Tarih",
  "Db.Northwind.Order.ShipAddress": "Teslim Adresi",
  "Db.Northwind.Order.ShipCity": "Teslim Şehir",
  "Db.Northwind.Order.ShipCountry": "Teslim Ülke",
  "Db.Northwind.Order.ShipName": "Teslim Adı",
  "Db.Northwind.Order.ShippedDate": "Teslim Tarihi",
  "Db.Northwind.Order.ShippingState": "Teslim Durumu",
  "Db.Northwind.Order.ShipPostalCode": "Teslim Posta Kodu",
  "Db.Northwind.Order.ShipRegion": "Teslim Bölgesi",
  "Db.Northwind.Order.ShipVia": "Kargo Türü",
  "Db.Northwind.Order.ShipViaCompanyName": "Kargo Türü",
  "Db.Northwind.Order.ShipViaPhone": "Kargo Telefonu",
  "Db.Northwind.OrderDetail.Discount": "İndirim",
  "Db.Northwind.OrderDetail.EntityPlural": "Sİpariş Detayları",
  "Db.Northwind.OrderDetail.EntitySingular": "Sipariş Detayı",
  "Db.Northwind.OrderDetail.LineTotal": "Satır Toplamı",
  "Db.Northwind.OrderDetail.ProductID": "Ürün Adı",
  "Db.Northwind.OrderDetail.ProductName": "Ürün Adı",
  "Db.Northwind.OrderDetail.Quantity": "Miktar",
  "Db.Northwind.OrderDetail.UnitPrice": "Birim Fiyat",
  "Db.Northwind.Product.CategoryName": "Kategori",
  "Db.Northwind.Product.Discontinued": "Tedarik Edilemiyor",
  "Db.Northwind.Product.EntityPlural": "Ürünler",
  "Db.Northwind.Product.EntitySingular": "Ürün",
  "Db.Northwind.Product.ProductID": "Ürün ID",
  "Db.Northwind.Product.ProductImage": "Ürün Resmi",
  "Db.Northwind.Product.ProductName": "Ürün Adı",
  "Db.Northwind.Product.QuantityPerUnit": "Birim Başına Miktar",
  "Db.Northwind.Product.ReorderLevel": "Azami Sipariş Seviyesi",
  "Db.Northwind.Product.SupplierCompanyName": "Tedarikçi",
  "Db.Northwind.Product.UnitPrice": "Birim Fiyatı",
  "Db.Northwind.Product.UnitsInStock": "Stok Miktarı",
  "Db.Northwind.Product.UnitsOnOrder": "Sipariş Miktarı",
  "Db.Northwind.Region.EntityPlural": "Ana Bölgeler",
  "Db.Northwind.Region.EntitySingular": "Ana Bölge",
  "Db.Northwind.Region.RegionDescription": "Ana Bölge Adı",
  "Db.Northwind.Region.RegionID": "Ana Bölge No",
  "Db.Northwind.Shipper.CompanyName": "Firma Adı",
  "Db.Northwind.Shipper.EntityPlural": "Kargo Firmaları",
  "Db.Northwind.Shipper.EntitySingular": "Kargo Firması",
  "Db.Northwind.Shipper.Phone": "Telefon",
  "Db.Northwind.Supplier.Address": "Adres",
  "Db.Northwind.Supplier.City": "Şehir",
  "Db.Northwind.Supplier.CompanyName": "Firma Adı",
  "Db.Northwind.Supplier.ContactName": "İlgili Adı",
  "Db.Northwind.Supplier.ContactTitle": "İlgili Unvanı",
  "Db.Northwind.Supplier.Country": "Ülke",
  "Db.Northwind.Supplier.EntityPlural": "Tedarikçiler",
  "Db.Northwind.Supplier.EntitySingular": "Tedarikçi",
  "Db.Northwind.Supplier.Fax": "Faks",
  "Db.Northwind.Supplier.HomePage": "İnternet Adresi",
  "Db.Northwind.Supplier.Phone": "Telefon",
  "Db.Northwind.Supplier.PostalCode": "Posta Kodu",
  "Db.Northwind.Supplier.Region": "Bölge",
  "Db.Northwind.Territory.EntityPlural": "Alt Bölgeler",
  "Db.Northwind.Territory.EntitySingular": "Alt Bölge",
  "Db.Northwind.Territory.RegionDescription": "Ana Bölge Adı",
  "Db.Northwind.Territory.TerritoryDescription": "Alt Bölge Adı",
  "Db.Northwind.Territory.TerritoryID": "Alt Bölge No",
  "Enums.Northwind.OrderShippingState.NotShipped": "Teslim Edilmedi",
  "Enums.Northwind.OrderShippingState.Shipped": "Teslim Edildi",
  "Forms.Northwind.Customer.Categories.Address": "Adres",
  "Forms.Northwind.Customer.Categories.Contact": "İlgili Kişi",
  "Forms.Northwind.Customer.Categories.General": "Genel",
  "Forms.Northwind.Order.Categories.Order": "Sipariş",
  "Forms.Northwind.Order.Categories.Order Details": "Sipariş Detayları",
  "Forms.Northwind.Order.Categories.Ship To": "Teslim Yeri",
  "Forms.Northwind.Order.Categories.Shipping": "Teslimat",
  "Forms.Northwind.Product.Categories.General": "Genel",
  "Forms.Northwind.Product.Categories.Pricing": "Fiyatlandırma",
  "Forms.Northwind.Product.Categories.Status": "Stok Durumu",
  "Navigation.Northwind": "Northwind",
  "Navigation.Northwind/Categories": "Kategoriler",
  "Navigation.Northwind/Customers": "Müşteriler",
  "Navigation.Northwind/Employees": "Personeller",
  "Navigation.Northwind/Orders": "Siparişler",
  "Navigation.Northwind/Products": "Ürünler",
  "Navigation.Northwind/Regions": "Ana Bölgeler",
  "Navigation.Northwind/Shippers": "Kargo Firmaları",
  "Navigation.Northwind/Suppliers": "Tedarikçiler",
  "Navigation.Northwind/Territories": "Alt Bölgeler",
  "Permission.Northwind:": "Northwind",
  "Permission.Northwind:Customer:": "Müşteriler",
  "Permission.Northwind:Customer:Delete": "Silme",
  "Permission.Northwind:Customer:Modify": "Oluşturma/Güncelleme",
  "Permission.Northwind:Customer:View": "Görüntüleme",
  "Permission.Northwind:General": "[Genel]",
  "Validation.NorthwindPhone": "Telefon numaraları '(503) 555-9831' formatında girilmelidir.",
  "Validation.NorthwindPhoneMultiple": "Telefon numaraları '(503) 555-9831' formatında ve birden fazlaysa virgülle ayrılarak girilmelidir."
}