﻿{
  "Db.Northwind.Category.CategoryID": "Nhóm hàng",
  "Db.Northwind.Category.CategoryName": "Tên nhóm hàng",
  "Db.Northwind.Category.Description": "Mô tả",
  "Db.Northwind.Category.EntityPlural": "Nhóm hàng",
  "Db.Northwind.Category.EntitySingular": "Nhóm hàng",
  "Db.Northwind.Category.Picture": "Hình ảnh",
  "Db.Northwind.CategoryLang.CategoryId": "Mã nhóm hàng",
  "Db.Northwind.CategoryLang.CategoryName": "Tên nhóm hàng",
  "Db.Northwind.CategoryLang.Description": "Mô tả",
  "Db.Northwind.CategoryLang.EntityPlural": "Nhóm hàng theo ngôn ngữ",
  "Db.Northwind.CategoryLang.EntitySingular": "Nhóm hàng theo ngôn ngữ",
  "Db.Northwind.CategoryLang.LanguageId": "Mã ngôn ngữ",
  "Db.Northwind.Customer.Address": "Địa chỉ",
  "Db.Northwind.Customer.City": "Thành phố",
  "Db.Northwind.Customer.CompanyName": "Tên công ty",
  "Db.Northwind.Customer.ContactName": "Tên liên hệ",
  "Db.Northwind.Customer.ContactTitle": "Danh xưng",
  "Db.Northwind.Customer.Country": "Quốc gia",
  "Db.Northwind.Customer.CustomerID": "Mã khách hàng",
  "Db.Northwind.Customer.EntityPlural": "Khách hàng",
  "Db.Northwind.Customer.EntitySingular": "Khách hàng",
  "Db.Northwind.Customer.Fax": "Fax",
  "Db.Northwind.Customer.ID": "Id",
  "Db.Northwind.Customer.LastContactDate": "Ngày liên hệ lần cuối",
  "Db.Northwind.Customer.LastContactedBy": "Người liên hệ lần cuối",
  "Db.Northwind.Customer.Phone": "Điện thoại",
  "Db.Northwind.Customer.PostalCode": "Mã bưu chính",
  "Db.Northwind.Customer.Region": "Khu vực",
  "Db.Northwind.Customer.Representatives.CustomerId": "Khách hàng",
  "Db.Northwind.Customer.Representatives.EmployeeId": "Nhân viên",
  "Db.Northwind.Customer.Representatives.EntityPlural": "Người đại diện",
  "Db.Northwind.Customer.Representatives.EntitySingular": "Người đại diện",
  "Db.Northwind.Customer.Representatives.RepresentativeId": "Đại diện",
  "Db.Northwind.Customer.SendBulletin": "Gửi bản tin",
  "Db.Northwind.CustomerCustomerDemo.CustomerAddress": "Địa chỉ khách hàng",
  "Db.Northwind.CustomerCustomerDemo.CustomerCity": "Thành phố",
  "Db.Northwind.CustomerCustomerDemo.CustomerCompanyName": "Tên công ty",
  "Db.Northwind.CustomerCustomerDemo.CustomerContactName": "Tên người liên hệ",
  "Db.Northwind.CustomerCustomerDemo.CustomerContactTitle": "Danh xưng",
  "Db.Northwind.CustomerCustomerDemo.CustomerCountry": "Quốc gia",
  "Db.Northwind.CustomerCustomerDemo.CustomerFax": "Fax",
  "Db.Northwind.CustomerCustomerDemo.CustomerID": "Khách hàng",
  "Db.Northwind.CustomerCustomerDemo.CustomerPhone": "Điện thoại",
  "Db.Northwind.CustomerCustomerDemo.CustomerPostalCode": "Mã bưu chính",
  "Db.Northwind.CustomerCustomerDemo.CustomerRegion": "Khu vực",
  "Db.Northwind.CustomerCustomerDemo.CustomerTypeCustomerDesc": "Mô tả khách hàng",
  "Db.Northwind.CustomerCustomerDemo.CustomerTypeID": "Loại khách hàng",
  "Db.Northwind.CustomerCustomerDemo.EntityPlural": "Demo khách hàng",
  "Db.Northwind.CustomerCustomerDemo.EntitySingular": "Demo khách hàng",
  "Db.Northwind.CustomerDemographic.CustomerDesc": "Mô tả khách hàng",
  "Db.Northwind.CustomerDemographic.CustomerTypeID": "Loại khách hàng",
  "Db.Northwind.CustomerDemographic.EntityPlural": "Nhân khẩu học",
  "Db.Northwind.CustomerDemographic.EntitySingular": "Nhân khẩu học",
  "Db.Northwind.CustomerDetails.EntityPlural": "Chi tiết khách hàng",
  "Db.Northwind.CustomerDetails.EntitySingular": "Chi tiết khách hàng",
  "Db.Northwind.CustomerDetails.LastContactDate": "Ngày liên hệ lần cuối",
  "Db.Northwind.CustomerDetails.LastContactedBy": "Người liên hệ lần cuối",
  "Db.Northwind.CustomerDetails.LastContactedByAddress": "Địa chỉ",
  "Db.Northwind.CustomerDetails.LastContactedByBirthDate": "Ngày sinh",
  "Db.Northwind.CustomerDetails.LastContactedByCity": "Thành phố",
  "Db.Northwind.CustomerDetails.LastContactedByCountry": "Quốc gia",
  "Db.Northwind.CustomerDetails.LastContactedByExtension": "Số ĐT nhánh",
  "Db.Northwind.CustomerDetails.LastContactedByFirstName": "Tên",
  "Db.Northwind.CustomerDetails.LastContactedByHireDate": "Ngày bắt đầu làm việc",
  "Db.Northwind.CustomerDetails.LastContactedByHomePhone": "Điện thoại nhà",
  "Db.Northwind.CustomerDetails.LastContactedByLastName": "Họ",
  "Db.Northwind.CustomerDetails.LastContactedByNotes": "Ghi chú",
  "Db.Northwind.CustomerDetails.LastContactedByPhoto": "Ảnh",
  "Db.Northwind.CustomerDetails.LastContactedByPhotoPath": "Đường dẫn ảnh",
  "Db.Northwind.CustomerDetails.LastContactedByPostalCode": "Mã bưu chính",
  "Db.Northwind.CustomerDetails.LastContactedByRegion": "Khu vực",
  "Db.Northwind.CustomerDetails.LastContactedByReportsTo": "Khi cần báo tin cho ai",
  "Db.Northwind.CustomerDetails.LastContactedByTitle": "Danh xưng",
  "Db.Northwind.CustomerDetails.SendBulletin": "Gửi bản tin",
  "Db.Northwind.CustomerRepresentatives.CustomerId": "Khách hàng",
  "Db.Northwind.CustomerRepresentatives.EmployeeId": "Nhân viên",
  "Db.Northwind.CustomerRepresentatives.EntityPlural": "Đại diện khách hàng",
  "Db.Northwind.CustomerRepresentatives.EntitySingular": "Đại diện khách hàng",
  "Db.Northwind.Employee.Address": "Địa chỉ",
  "Db.Northwind.Employee.BirthDate": "Ngày sinh",
  "Db.Northwind.Employee.City": "Thành phố",
  "Db.Northwind.Employee.Country": "Quốc gia",
  "Db.Northwind.Employee.EmployeeID": "Nhân viên",
  "Db.Northwind.Employee.EntityPlural": "Nhân viên",
  "Db.Northwind.Employee.EntitySingular": "Nhân viên",
  "Db.Northwind.Employee.Extension": "Mở rộng",
  "Db.Northwind.Employee.FirstName": "Tên",
  "Db.Northwind.Employee.FullName": "Họ và tên",
  "Db.Northwind.Employee.Gender": "Giới tính",
  "Db.Northwind.Employee.HireDate": "Ngày bắt đầu làm việc",
  "Db.Northwind.Employee.HomePhone": "Điện thoại nhà",
  "Db.Northwind.Employee.LastName": "Họ",
  "Db.Northwind.Employee.Notes": "Ghi chú",
  "Db.Northwind.Employee.Photo": "Ảnh",
  "Db.Northwind.Employee.PhotoPath": "Đường dẫn ảnh",
  "Db.Northwind.Employee.PostalCode": "Mã bưu chính",
  "Db.Northwind.Employee.Region": "Khu vực",
  "Db.Northwind.Employee.ReportsTo": "Khi cần báo tin cho",
  "Db.Northwind.Employee.ReportsToAddress": "Địa chỉ",
  "Db.Northwind.Employee.ReportsToBirthDate": "Ngày sinh",
  "Db.Northwind.Employee.ReportsToCity": "Thành phố",
  "Db.Northwind.Employee.ReportsToCountry": "Quốc gia",
  "Db.Northwind.Employee.ReportsToExtension": "Mở rộng",
  "Db.Northwind.Employee.ReportsToFirstName": "Tên",
  "Db.Northwind.Employee.ReportsToFullName": "Khi cần báo tin cho",
  "Db.Northwind.Employee.ReportsToHireDate": "Ngày bắt đầu làm việc",
  "Db.Northwind.Employee.ReportsToHomePhone": "Điện thoại nhà",
  "Db.Northwind.Employee.ReportsToLastName": "Họ",
  "Db.Northwind.Employee.ReportsToNotes": "Ghi chú",
  "Db.Northwind.Employee.ReportsToPhoto": "Ảnh",
  "Db.Northwind.Employee.ReportsToPhotoPath": "Đường dẫn ảnh",
  "Db.Northwind.Employee.ReportsToPostalCode": "Mã bưu chính",
  "Db.Northwind.Employee.ReportsToRegion": "Khu vực",
  "Db.Northwind.Employee.ReportsToReportsTo": "Báo tin cho",
  "Db.Northwind.Employee.ReportsToTitle": "Danh xưng",
  "Db.Northwind.Employee.ReportsToTitleOfCourtesy": "Danh xưng trang trọng",
  "Db.Northwind.Employee.Title": "Danh xưng",
  "Db.Northwind.Employee.TitleOfCourtesy": "Danh xưng trang trọng",
  "Db.Northwind.EmployeeTerritory.EmployeeAddress": "Địa chỉ",
  "Db.Northwind.EmployeeTerritory.EmployeeBirthDate": "Ngày sinh",
  "Db.Northwind.EmployeeTerritory.EmployeeCity": "Thành phố",
  "Db.Northwind.EmployeeTerritory.EmployeeCountry": "Quốc gia",
  "Db.Northwind.EmployeeTerritory.EmployeeExtension": "Mở rộng",
  "Db.Northwind.EmployeeTerritory.EmployeeFirstName": "Tên",
  "Db.Northwind.EmployeeTerritory.EmployeeHireDate": "Ngày bắt đầu làm việc",
  "Db.Northwind.EmployeeTerritory.EmployeeHomePhone": "Điện thoại nhà",
  "Db.Northwind.EmployeeTerritory.EmployeeID": "Mã nhân viên",
  "Db.Northwind.EmployeeTerritory.EmployeeLastName": "Họ",
  "Db.Northwind.EmployeeTerritory.EmployeeNotes": "Ghi chú",
  "Db.Northwind.EmployeeTerritory.EmployeePhoto": "Ảnh",
  "Db.Northwind.EmployeeTerritory.EmployeePhotoPath": "Đường dẫn ảnh",
  "Db.Northwind.EmployeeTerritory.EmployeePostalCode": "Mã bưu chính",
  "Db.Northwind.EmployeeTerritory.EmployeeRegion": "Khu vực",
  "Db.Northwind.EmployeeTerritory.EmployeeReportsTo": "Khi cần báo tin cho",
  "Db.Northwind.EmployeeTerritory.EmployeeTitle": "Danh xưng",
  "Db.Northwind.EmployeeTerritory.EmployeeTitleOfCourtesy": "Danh xưng trang trọng",
  "Db.Northwind.EmployeeTerritory.EntityPlural": "Nhân viên thuộc Vùng",
  "Db.Northwind.EmployeeTerritory.EntitySingular": "Nhân viên thuộc Vùng",
  "Db.Northwind.EmployeeTerritory.TerritoryID": "Mã vùng",
  "Db.Northwind.EmployeeTerritory.TerritoryRegionID": "Mã khu vực",
  "Db.Northwind.EmployeeTerritory.TerritoryTerritoryDescription": "Mô tả vùng",
  "Db.Northwind.NorthwindByCategory.CategoryId": "Mã nhóm hàng",
  "Db.Northwind.NorthwindByCategory.CategoryName": "Tên nhóm hàng",
  "Db.Northwind.NorthwindByCategory.EntityPlural": "Doanh thu theo nhóm hàng",
  "Db.Northwind.NorthwindByCategory.EntitySingular": "Doanh thu theo nhóm hàng",
  "Db.Northwind.NorthwindByCategory.ProductName": "Tên sản phẩm",
  "Db.Northwind.NorthwindByCategory.ProductNorthwind": "Bán hàng",
  "Db.Northwind.Note.EntityId": "Id thực thể",
  "Db.Northwind.Note.EntityPlural": "Ghi chú",
  "Db.Northwind.Note.EntitySingular": "Ghi chú",
  "Db.Northwind.Note.EntityType": "Loại thực thể",
  "Db.Northwind.Note.InsertDate": "Ngày thêm",
  "Db.Northwind.Note.InsertUserDisplayName": "Tên người thêm",
  "Db.Northwind.Note.InsertUserId": "Người thêm",
  "Db.Northwind.Note.NoteId": "Mã ghi chú",
  "Db.Northwind.Note.Text": "Nội dung",
  "Db.Northwind.Order.CustomerCity": "Thành phố",
  "Db.Northwind.Order.CustomerCompanyName": "Tên công ty",
  "Db.Northwind.Order.CustomerContactName": "Tên người liên hệ",
  "Db.Northwind.Order.CustomerContactTitle": "Danh xưng",
  "Db.Northwind.Order.CustomerCountry": "Quốc gia",
  "Db.Northwind.Order.CustomerFax": "Fax",
  "Db.Northwind.Order.CustomerID": "Khách hàng",
  "Db.Northwind.Order.CustomerPhone": "Điện thoại",
  "Db.Northwind.Order.CustomerRegion": "Khu vực",
  "Db.Northwind.Order.DetailList": "Chi tiết",
  "Db.Northwind.Order.EmployeeFullName": "Nhân viên",
  "Db.Northwind.Order.EmployeeGender": "Giới tính",
  "Db.Northwind.Order.EmployeeID": "Nhân viên",
  "Db.Northwind.Order.EmployeeName": "Tên nhân viên",
  "Db.Northwind.Order.EntityPlural": "Đơn hàng",
  "Db.Northwind.Order.EntitySingular": "Đơn hàng",
  "Db.Northwind.Order.Freight": "Vận chuyển",
  "Db.Northwind.Order.OrderDate": "Ngày đặt hàng",
  "Db.Northwind.Order.OrderID": "Mã đơn hàng",
  "Db.Northwind.Order.RequiredDate": "Ngày bắt buộc",
  "Db.Northwind.Order.ShipAddress": "Địa chỉ giao hàng",
  "Db.Northwind.Order.ShipCity": "Thành phố",
  "Db.Northwind.Order.ShipCountry": "Quốc gia",
  "Db.Northwind.Order.ShipName": "Tên người nhận",
  "Db.Northwind.Order.ShippedDate": "Ngày giao",
  "Db.Northwind.Order.ShippingState": "Tình trạng vận chuyển",
  "Db.Northwind.Order.ShipPostalCode": "Mã bưu chính",
  "Db.Northwind.Order.ShipRegion": "Khu vực",
  "Db.Northwind.Order.ShipVia": "Đơn vị vận chuyển",
  "Db.Northwind.Order.ShipViaCompanyName": "Đơn vị vận chuyển",
  "Db.Northwind.Order.ShipViaPhone": "Điện thoại",
  "Db.Northwind.OrderDetail.DetailID": "Id",
  "Db.Northwind.OrderDetail.Discount": "Giảm giá",
  "Db.Northwind.OrderDetail.EntityPlural": "Chi tiết đơn hàng",
  "Db.Northwind.OrderDetail.EntitySingular": "Chi tiết đơn hàng",
  "Db.Northwind.OrderDetail.LineTotal": "Tổng tiền",
  "Db.Northwind.OrderDetail.OrderCustomerID": "Khách hàng",
  "Db.Northwind.OrderDetail.OrderDate": "Ngày đặt hàng",
  "Db.Northwind.OrderDetail.OrderEmployeeID": "Nhân viên",
  "Db.Northwind.OrderDetail.OrderID": "Mã đơn hàng",
  "Db.Northwind.OrderDetail.OrderShipCity": "Thành phố",
  "Db.Northwind.OrderDetail.OrderShipCountry": "Quốc gia",
  "Db.Northwind.OrderDetail.OrderShippedDate": "Ngày giao",
  "Db.Northwind.OrderDetail.OrderShipVia": "Đơn vị vận chuyển",
  "Db.Northwind.OrderDetail.ProductDiscontinued": "Sản phẩm ngưng bán",
  "Db.Northwind.OrderDetail.ProductID": "Sản phẩm",
  "Db.Northwind.OrderDetail.ProductName": "Tên sản phẩm",
  "Db.Northwind.OrderDetail.ProductQuantityPerUnit": "Số lượng mỗi đơn vị",
  "Db.Northwind.OrderDetail.ProductSupplierID": "Nhà cung cấp",
  "Db.Northwind.OrderDetail.ProductUnitPrice": "Đơn giá",
  "Db.Northwind.OrderDetail.Quantity": "Số lượng",
  "Db.Northwind.OrderDetail.UnitPrice": "Đơn giá",
  "Db.Northwind.Product.CategoryDescription": "Mô tả nhóm hàng",
  "Db.Northwind.Product.CategoryID": "Nhóm hàng",
  "Db.Northwind.Product.CategoryName": "Nhóm hàng",
  "Db.Northwind.Product.CategoryPicture": "Ảnh nhóm hàng",
  "Db.Northwind.Product.Discontinued": "Ngưng bán",
  "Db.Northwind.Product.EntityPlural": "Sản phẩm",
  "Db.Northwind.Product.EntitySingular": "Sản phẩm",
  "Db.Northwind.Product.ProductID": "Mã sản phẩm",
  "Db.Northwind.Product.ProductImage": "Hình ảnh sản phẩm",
  "Db.Northwind.Product.ProductName": "Tên sản phẩm",
  "Db.Northwind.Product.QuantityPerUnit": "Số lượng mỗi đơn vị",
  "Db.Northwind.Product.ReorderLevel": "Cấp đại lý",
  "Db.Northwind.Product.SupplierAddress": "Địa chỉ nhà cung cấp",
  "Db.Northwind.Product.SupplierCity": "Thành phố",
  "Db.Northwind.Product.SupplierCompanyName": "Nhà cung cấp",
  "Db.Northwind.Product.SupplierContactName": "Tên người liên hệ",
  "Db.Northwind.Product.SupplierContactTitle": "Danh xưng",
  "Db.Northwind.Product.SupplierCountry": "Quốc gia",
  "Db.Northwind.Product.SupplierFax": "Fax",
  "Db.Northwind.Product.SupplierHomePage": "Trang chủ",
  "Db.Northwind.Product.SupplierID": "Nhà cung cấp",
  "Db.Northwind.Product.SupplierPhone": "Điện thoại",
  "Db.Northwind.Product.SupplierPostalCode": "Mã bưu chính",
  "Db.Northwind.Product.SupplierRegion": "Khu vực",
  "Db.Northwind.Product.UnitPrice": "Đơn giá",
  "Db.Northwind.Product.UnitsInStock": "Số lượng tồn kho",
  "Db.Northwind.Product.UnitsOnOrder": "Số lượng trong đơn hàng",
  "Db.Northwind.ProductLang.EntityPlural": "Sản phẩm đa ngôn ngữ",
  "Db.Northwind.ProductLang.EntitySingular": "Sản phẩm đa ngôn ngữ",
  "Db.Northwind.ProductLang.Id": "Mã",
  "Db.Northwind.ProductLang.LanguageId": "Mã ngôn ngữ",
  "Db.Northwind.ProductLang.ProductId": "Mã sản phẩm",
  "Db.Northwind.ProductLang.ProductName": "Tên sản phẩm",
  "Db.Northwind.Region.EntityPlural": "Khu vực",
  "Db.Northwind.Region.EntitySingular": "Khu vực",
  "Db.Northwind.Region.RegionDescription": "Mô tả",
  "Db.Northwind.Region.RegionID": "Mã khu vực",
  "Db.Northwind.NorthwindByCategory.CategoryId": "Mã nhóm hàng",
  "Db.Northwind.NorthwindByCategory.CategoryName": "Tên nhóm hàng",
  "Db.Northwind.NorthwindByCategory.EntityPlural": "Doanh thu theo nhóm hàng",
  "Db.Northwind.NorthwindByCategory.EntitySingular": "Doanh thu theo nhóm hàng",
  "Db.Northwind.NorthwindByCategory.ProductName": "Tên sản phẩm",
  "Db.Northwind.NorthwindByCategory.ProductNorthwind": "Bán hàng",
  "Db.Northwind.Shipper.CompanyName": "Tên công ty",
  "Db.Northwind.Shipper.EntityPlural": "Đơn vị vận chuyển",
  "Db.Northwind.Shipper.EntitySingular": "Đơn vị vận chuyển",
  "Db.Northwind.Shipper.Phone": "Điện thoại",
  "Db.Northwind.Shipper.ShipperID": "Mã",
  "Db.Northwind.Supplier.Address": "Địa chỉ",
  "Db.Northwind.Supplier.City": "Thành phố",
  "Db.Northwind.Supplier.CompanyName": "Tên công ty",
  "Db.Northwind.Supplier.ContactName": "Tên liên hệ",
  "Db.Northwind.Supplier.ContactTitle": "Danh xưng",
  "Db.Northwind.Supplier.Country": "Quốc gia",
  "Db.Northwind.Supplier.EntityPlural": "Nhà cung cấp",
  "Db.Northwind.Supplier.EntitySingular": "Nhà cung cấp",
  "Db.Northwind.Supplier.HomePage": "Trang chủ",
  "Db.Northwind.Supplier.Phone": "Điện thoại",
  "Db.Northwind.Supplier.PostalCode": "Mã bưu chính",
  "Db.Northwind.Supplier.Region": "Khu vực",
  "Db.Northwind.Supplier.SupplierID": "Nhà cung cấp",
  "Db.Northwind.Territory.EntityPlural": "Vùng",
  "Db.Northwind.Territory.EntitySingular": "Vùng",
  "Db.Northwind.Territory.ID": "Mã",
  "Db.Northwind.Territory.RegionDescription": "Khu vực",
  "Db.Northwind.Territory.RegionID": "Khu vực",
  "Db.Northwind.Territory.TerritoryDescription": "Mô tả vùng",
  "Db.Northwind.Territory.TerritoryID": "Mã vùng",
  "Db.Northwind.Customer.ID": "Id",
  "Db.Northwind.Customer.LastContactDate": "Ngày liên hệ lần cuối",
  "Db.Northwind.Customer.LastContactedBy": "Người liên hệ lần cuối",
  "Db.Northwind.Customer.SendBulletin": "Gửi bản tin",
  "Db.Northwind.CustomerDetails.EntityPlural": "Chi tiết khách hàng",
  "Db.Northwind.CustomerDetails.EntitySingular": "Chi tiết khách hàng",
  "Db.Northwind.CustomerDetails.LastContactDate": "Ngày liên hệ lần cuối",
  "Db.Northwind.CustomerDetails.LastContactedBy": "Người liên hệ lần cuối",
  "Db.Northwind.CustomerDetails.LastContactedByAddress": "Địa chỉ",
  "Db.Northwind.CustomerDetails.LastContactedByBirthDate": "Ngày sinh",
  "Db.Northwind.CustomerDetails.LastContactedByCity": "Thành phố",
  "Db.Northwind.CustomerDetails.LastContactedByCountry": "Quốc gia",
  "Db.Northwind.CustomerDetails.LastContactedByExtension": "Số ĐT nhánh",
  "Db.Northwind.CustomerDetails.LastContactedByFirstName": "Tên",
  "Db.Northwind.CustomerDetails.LastContactedByHireDate": "Ngày bắt đầu làm việc",
  "Db.Northwind.CustomerDetails.LastContactedByHomePhone": "Điện thoại nhà",
  "Db.Northwind.CustomerDetails.LastContactedByLastName": "Họ",
  "Db.Northwind.CustomerDetails.LastContactedByNotes": "Ghi chú",
  "Db.Northwind.CustomerDetails.LastContactedByPhoto": "Ảnh",
  "Db.Northwind.CustomerDetails.LastContactedByPhotoPath": "Đường dẫn ảnh",
  "Db.Northwind.CustomerDetails.LastContactedByPostalCode": "Mã bưu chính",
  "Db.Northwind.CustomerDetails.LastContactedByRegion": "Khu vực",
  "Db.Northwind.CustomerDetails.LastContactedByReportsTo": "Khi cần báo tin cho ai",
  "Db.Northwind.CustomerDetails.LastContactedByTitle": "Danh xưng",
  "Db.Northwind.CustomerDetails.SendBulletin": "Gửi bản tin",
  "Db.Northwind.SalesByCategory.CategoryId": "Nhóm hàng",
  "Db.Northwind.SalesByCategory.CategoryName": "Tên nhóm hàng",
  "Db.Northwind.SalesByCategory.EntityPlural": "Doanh thu theo nhóm hàng",
  "Db.Northwind.SalesByCategory.EntitySingular": "Doanh thu theo nhóm hàng",
  "Db.Northwind.SalesByCategory.ProductName": "Tên sản phẩm",
  "Db.Northwind.SalesByCategory.ProductSales": "Doanh thu theo sản phẩm",
  "Enums.Northwind.OrderShippingState.NotShipped": "Chưa giao hàng",
  "Enums.Northwind.OrderShippingState.Shipped": "Đã giao hàng",
  "Forms.Northwind.Customer.Categories.Address": "Địa chỉ",
  "Forms.Northwind.Customer.Categories.Contact": "Liên hệ",
  "Forms.Northwind.Customer.Categories.Details": "Chi tiết",
  "Forms.Northwind.Customer.Categories.General": "Thông tin chung",
  "Forms.Northwind.Order.Categories.Order": "Đơn hàng",
  "Forms.Northwind.Order.Categories.Order Chi tiết": "Chi tiết đơn hàng",
  "Forms.Northwind.Order.Categories.Order Details": "Chi tiết đơn hàng",
  "Forms.Northwind.Order.Categories.Ship To": "Giao hàng đến",
  "Forms.Northwind.Order.Categories.Ship Để": "Giao hàng đến",
  "Forms.Northwind.Order.Categories.Shipping": "Vận chuyển",
  "Forms.Northwind.Product.Categories.General": "Thông tin chung",
  "Forms.Northwind.Product.Categories.Pricing": "Giá cả",
  "Forms.Northwind.Product.Categories.Status": "Trạng thái",
  "Navigation.Northwind": "Bán hàng",
  "Navigation.Northwind/Categories": "Nhóm hàng",
  "Navigation.Northwind/Customers": "Khách hàng",
  "Navigation.Northwind/Employees": "Nhân viên",
  "Navigation.Northwind/Orders": "Đơn hàng",
  "Navigation.Northwind/Products": "Sản phẩm",
  "Navigation.Northwind/Regions": "Khu vực",
  "Navigation.Northwind/Shippers": "Đơn vị vận chuyển",
  "Navigation.Northwind/Suppliers": "Nhà cung cấp",
  "Navigation.Northwind/Territories": "Vùng miền",
  "Navigation.Northwind/Reports": "Báo cáo",
  "Permission.Northwind:": "Bán hàng:",
  "Permission.Northwind: General": "Bán hàng: Chung",
  "Permission.Northwind: Khách hàng": "Bán hàng: Khách hàng",
  "Permission.Northwind: Khách hàng:": "Bán hàng: Khách hàng:",
  "Permission.Northwind: Khách hàng: Sửa đổi": "Bán hàng: Khách hàng: Sửa đổi",
  "Permission.Northwind: Khách hàng: Xem": "Bán hàng: Khách hàng: Xem",
  "Permission.Northwind: Khách hàng: Xóa": "Bán hàng: Khách hàng: Xóa",
  "Permission.Northwind:Customer": "Bán hàng: Khách hàng",
  "Permission.Northwind:Customer:": "Bán hàng: Khách hàng:",
  "Permission.Northwind:Customer:Delete": "Bán hàng: Khách hàng: Xóa",
  "Permission.Northwind:Customer:Modify": "Bán hàng: Khách hàng: Thêm mới/Sửa đổi",
  "Permission.Northwind:Customer:View": "Bán hàng: Khách hàng: Xem",
  "Permission.Northwind:General": "Bán hàng: Chung",
  "Validation.NorthwindPhone": "Số điện thoại phải được nhập đúng định dạng '(503) 555-9831'.",
  "Validation.NorthwindPhoneMultiple": "Số điện thoại phải được nhập đúng định dạng '(503) 555-9831'. Nếu nhiều số phải được tách bằng dấu phẩy."
}