{
  "Db.Northwind.Category.CategoryID": "Код категории",
  "Db.Northwind.Category.CategoryName": "Название категории",
  "Db.Northwind.Category.Description": "Описание",
  "Db.Northwind.Category.EntityPlural": "Категории",
  "Db.Northwind.Category.EntitySingular": "Категория",
  "Db.Northwind.Category.Picture": "Изображение",
  "Db.Northwind.CategoryLang.CategoryId": "Код категории",
  "Db.Northwind.CategoryLang.CategoryName": "Название категории",
  "Db.Northwind.CategoryLang.Description": "Описание",
  "Db.Northwind.CategoryLang.EntityPlural": "Язык категории",
  "Db.Northwind.CategoryLang.EntitySingular": "Язык категории",
  "Db.Northwind.CategoryLang.Id": "Код",
  "Db.Northwind.CategoryLang.LanguageId": "Код языка",
  "Db.Northwind.Customer.Address": "Адрес",
  "Db.Northwind.Customer.City": "Город",
  "Db.Northwind.Customer.CompanyName": "Компания",
  "Db.Northwind.Customer.ContactName": "Наименование",
  "Db.Northwind.Customer.ContactTitle": "Заголовок",
  "Db.Northwind.Customer.Country": "Страна",
  "Db.Northwind.Customer.CustomerID": "Код покупателя",
  "Db.Northwind.Customer.Email": "Email",
  "Db.Northwind.Customer.EntityPlural": "Покупатели",
  "Db.Northwind.Customer.EntitySingular": "Покупатель",
  "Db.Northwind.Customer.Fax": "Факс",
  "Db.Northwind.Customer.ID": "Код",
  "Db.Northwind.Customer.LastContactDate": "Дата последнего контакта",
  "Db.Northwind.Customer.LastContactedBy": "Последний контакт",
  "Db.Northwind.Customer.Phone": "Телефон",
  "Db.Northwind.Customer.PostalCode": "Индекс",
  "Db.Northwind.Customer.Region": "Регион",
  "Db.Northwind.Customer.Representatives.CustomerId": "Код",
  "Db.Northwind.Customer.Representatives.EmployeeId": "Сотрудник",
  "Db.Northwind.Customer.Representatives.EntityPlural": "Представители",
  "Db.Northwind.Customer.Representatives.EntitySingular": "Представитель",
  "Db.Northwind.Customer.Representatives.RepresentativeId": "Код представителя",
  "Db.Northwind.Customer.SendBulletin": "Отправить бюллетень",
  "Db.Northwind.CustomerCustomerDemo.CustomerAddress": "Адрес",
  "Db.Northwind.CustomerCustomerDemo.CustomerCity": "Город",
  "Db.Northwind.CustomerCustomerDemo.CustomerCompanyName": "Название компании",
  "Db.Northwind.CustomerCustomerDemo.CustomerContactName": "Наименование контакта",
  "Db.Northwind.CustomerCustomerDemo.CustomerContactTitle": "Заголовок",
  "Db.Northwind.CustomerCustomerDemo.CustomerCountry": "Страна",
  "Db.Northwind.CustomerCustomerDemo.CustomerFax": "Факс",
  "Db.Northwind.CustomerCustomerDemo.CustomerID": "Код",
  "Db.Northwind.CustomerCustomerDemo.CustomerPhone": "Телефон",
  "Db.Northwind.CustomerCustomerDemo.CustomerPostalCode": "Индекс",
  "Db.Northwind.CustomerCustomerDemo.CustomerRegion": "Регион",
  "Db.Northwind.CustomerCustomerDemo.CustomerTypeCustomerDesc": "Описание",
  "Db.Northwind.CustomerCustomerDemo.CustomerTypeID": "Тип",
  "Db.Northwind.CustomerCustomerDemo.EntityPlural": "Покупатели",
  "Db.Northwind.CustomerCustomerDemo.EntitySingular": "Покупатель",
  "Db.Northwind.CustomerCustomerDemo.ID": "Код",
  "Db.Northwind.CustomerDemographic.CustomerDesc": "Описание",
  "Db.Northwind.CustomerDemographic.CustomerTypeID": "Код типа пользователя",
  "Db.Northwind.CustomerDemographic.EntityPlural": "Демография покупателей",
  "Db.Northwind.CustomerDemographic.EntitySingular": "Демография покупателей",
  "Db.Northwind.CustomerDemographic.ID": "Код",
  "Db.Northwind.CustomerDetails.Email": "Email",
  "Db.Northwind.CustomerDetails.EntityPlural": "Свойства покупателя",
  "Db.Northwind.CustomerDetails.EntitySingular": "Свойства покупателя",
  "Db.Northwind.CustomerDetails.Id": "Код",
  "Db.Northwind.CustomerDetails.LastContactDate": "Дата последнего контакта",
  "Db.Northwind.CustomerDetails.LastContactedBy": "Последний контакт",
  "Db.Northwind.CustomerDetails.LastContactedByAddress": "Адрес",
  "Db.Northwind.CustomerDetails.LastContactedByBirthDate": "Дата рождения",
  "Db.Northwind.CustomerDetails.LastContactedByCity": "Город",
  "Db.Northwind.CustomerDetails.LastContactedByCountry": "Страна",
  "Db.Northwind.CustomerDetails.LastContactedByExtension": "Расширение",
  "Db.Northwind.CustomerDetails.LastContactedByFirstName": "Имя",
  "Db.Northwind.CustomerDetails.LastContactedByHireDate": "Дата приёма",
  "Db.Northwind.CustomerDetails.LastContactedByHomePhone": "Домашний телефон",
  "Db.Northwind.CustomerDetails.LastContactedByLastName": "Фамилия",
  "Db.Northwind.CustomerDetails.LastContactedByNotes": "Заметки",
  "Db.Northwind.CustomerDetails.LastContactedByPhoto": "Фото",
  "Db.Northwind.CustomerDetails.LastContactedByPhotoPath": "Путь к фото",
  "Db.Northwind.CustomerDetails.LastContactedByPostalCode": "Индекс",
  "Db.Northwind.CustomerDetails.LastContactedByRegion": "Регион",
  "Db.Northwind.CustomerDetails.LastContactedByReportsTo": "Контактное лицо",
  "Db.Northwind.CustomerDetails.LastContactedByTitle": "Заголовок",
  "Db.Northwind.CustomerDetails.LastContactedByTitleOfCourtesy": "Обращение",
  "Db.Northwind.CustomerDetails.SendBulletin": "Рассылка",
  "Db.Northwind.Employee.Address": "Адрес",
  "Db.Northwind.Employee.BirthDate": "Дата рождения",
  "Db.Northwind.Employee.City": "Город",
  "Db.Northwind.Employee.Country": "Страна",
  "Db.Northwind.Employee.EmployeeID": "Код сотрудника",
  "Db.Northwind.Employee.EntityPlural": "Сотрудники",
  "Db.Northwind.Employee.EntitySingular": "Сотрудник",
  "Db.Northwind.Employee.Extension": "Расширение",
  "Db.Northwind.Employee.FirstName": "Имя",
  "Db.Northwind.Employee.FullName": "Полное имя",
  "Db.Northwind.Employee.Gender": "Пол",
  "Db.Northwind.Employee.HireDate": "Дата приёма",
  "Db.Northwind.Employee.HomePhone": "Домашний телефон",
  "Db.Northwind.Employee.LastName": "Фамилия",
  "Db.Northwind.Employee.Notes": "Заметки",
  "Db.Northwind.Employee.Photo": "Фото",
  "Db.Northwind.Employee.PhotoPath": "Путь к фото",
  "Db.Northwind.Employee.PostalCode": "Индекс",
  "Db.Northwind.Employee.Region": "Регион",
  "Db.Northwind.Employee.ReportsTo": "Контактное лицо",
  "Db.Northwind.Employee.ReportsToAddress": "Адрес",
  "Db.Northwind.Employee.ReportsToBirthDate": "Дата рождения",
  "Db.Northwind.Employee.ReportsToCity": "Город",
  "Db.Northwind.Employee.ReportsToCountry": "Страна",
  "Db.Northwind.Employee.ReportsToExtension": "Расширение",
  "Db.Northwind.Employee.ReportsToFirstName": "Имя",
  "Db.Northwind.Employee.ReportsToFullName": "Полное имя",
  "Db.Northwind.Employee.ReportsToHireDate": "Дата приёма",
  "Db.Northwind.Employee.ReportsToHomePhone": "Домашний телефон",
  "Db.Northwind.Employee.ReportsToLastName": "Фамилия",
  "Db.Northwind.Employee.ReportsToNotes": "Заметки",
  "Db.Northwind.Employee.ReportsToPhoto": "Фото",
  "Db.Northwind.Employee.ReportsToPhotoPath": "Путь к фото",
  "Db.Northwind.Employee.ReportsToPostalCode": "Индекс",
  "Db.Northwind.Employee.ReportsToRegion": "Регион",
  "Db.Northwind.Employee.ReportsToReportsTo": "Контактное лицо",
  "Db.Northwind.Employee.ReportsToTitle": "Заголовок",
  "Db.Northwind.Employee.ReportsToTitleOfCourtesy": "Обращение",
  "Db.Northwind.Employee.Title": "Заголовок",
  "Db.Northwind.Employee.TitleOfCourtesy": "Обращение",
  "Db.Northwind.EmployeeTerritory.EmployeeAddress": "Адрес",
  "Db.Northwind.EmployeeTerritory.EmployeeBirthDate": "Дата рождения",
  "Db.Northwind.EmployeeTerritory.EmployeeCity": "Город",
  "Db.Northwind.EmployeeTerritory.EmployeeCountry": "Страна",
  "Db.Northwind.EmployeeTerritory.EmployeeExtension": "Расширение",
  "Db.Northwind.EmployeeTerritory.EmployeeFirstName": "Имя",
  "Db.Northwind.EmployeeTerritory.EmployeeHireDate": "Дата приёма",
  "Db.Northwind.EmployeeTerritory.EmployeeHomePhone": "Домашний телефон",
  "Db.Northwind.EmployeeTerritory.EmployeeID": "Код",
  "Db.Northwind.EmployeeTerritory.EmployeeLastName": "Фамилия",
  "Db.Northwind.EmployeeTerritory.EmployeeNotes": "Заметки",
  "Db.Northwind.EmployeeTerritory.EmployeePhoto": "Фото",
  "Db.Northwind.EmployeeTerritory.EmployeePhotoPath": "Путь к фото",
  "Db.Northwind.EmployeeTerritory.EmployeePostalCode": "Индекс",
  "Db.Northwind.EmployeeTerritory.EmployeeRegion": "Регион",
  "Db.Northwind.EmployeeTerritory.EmployeeReportsTo": "Контактное лицо",
  "Db.Northwind.EmployeeTerritory.EmployeeTitle": "Заголовок",
  "Db.Northwind.EmployeeTerritory.EmployeeTitleOfCourtesy": "Обращение",
  "Db.Northwind.EmployeeTerritory.EntityPlural": "Территории",
  "Db.Northwind.EmployeeTerritory.EntitySingular": "Территория",
  "Db.Northwind.EmployeeTerritory.TerritoryID": "Код",
  "Db.Northwind.EmployeeTerritory.TerritoryRegionID": "Регион",
  "Db.Northwind.EmployeeTerritory.TerritoryTerritoryDescription": "Описание",
  "Db.Northwind.NorthwindByCategory.CategoryId": "Код",
  "Db.Northwind.NorthwindByCategory.CategoryName": "Категория",
  "Db.Northwind.NorthwindByCategory.EntityPlural": "Категории",
  "Db.Northwind.NorthwindByCategory.EntitySingular": "Категория",
  "Db.Northwind.NorthwindByCategory.ProductName": "Наименование продукта",
  "Db.Northwind.NorthwindByCategory.ProductNorthwind": "Продукт",
  "Db.Northwind.Note.EntityId": "Код",
  "Db.Northwind.Note.EntityPlural": "Записи",
  "Db.Northwind.Note.EntitySingular": "Запись",
  "Db.Northwind.Note.EntityType": "Тип",
  "Db.Northwind.Note.InsertDate": "Дата создания",
  "Db.Northwind.Note.InsertUserDisplayName": "Кем создано",
  "Db.Northwind.Note.InsertUserId": "Код пользователя",
  "Db.Northwind.Note.NoteId": "Код",
  "Db.Northwind.Note.Text": "Текст",
  "Db.Northwind.Order.CustomerCity": "Город",
  "Db.Northwind.Order.CustomerCompanyName": "Компания",
  "Db.Northwind.Order.CustomerContactName": "Наименование",
  "Db.Northwind.Order.CustomerContactTitle": "Заголовок",
  "Db.Northwind.Order.CustomerCountry": "Страна",
  "Db.Northwind.Order.CustomerFax": "Факс",
  "Db.Northwind.Order.CustomerID": "Код покупателя",
  "Db.Northwind.Order.CustomerPhone": "Телефон",
  "Db.Northwind.Order.CustomerRegion": "Регион",
  "Db.Northwind.Order.DetailList": "Спецификация",
  "Db.Northwind.Order.EmployeeFullName": "Полное имя",
  "Db.Northwind.Order.EmployeeGender": "Пол",
  "Db.Northwind.Order.EmployeeID": "Код",
  "Db.Northwind.Order.EmployeeName": "ФИО",
  "Db.Northwind.Order.EntityPlural": "Заказы",
  "Db.Northwind.Order.EntitySingular": "Заказ",
  "Db.Northwind.Order.Freight": "Груз",
  "Db.Northwind.Order.OrderDate": "Дата",
  "Db.Northwind.Order.OrderID": "Код",
  "Db.Northwind.Order.RequiredDate": "Требуемая дата",
  "Db.Northwind.Order.ShipAddress": "Адрес",
  "Db.Northwind.Order.ShipCity": "Город",
  "Db.Northwind.Order.ShipCountry": "Страна",
  "Db.Northwind.Order.ShipName": "Наименование",
  "Db.Northwind.Order.ShippedDate": "Дата",
  "Db.Northwind.Order.ShippingState": "Штат",
  "Db.Northwind.Order.ShipPostalCode": "Индекс",
  "Db.Northwind.Order.ShipRegion": "Регион",
  "Db.Northwind.Order.ShipVia": "Через",
  "Db.Northwind.Order.ShipViaCompanyName": "Компания",
  "Db.Northwind.Order.ShipViaPhone": "Телефон",
  "Db.Northwind.OrderDetail.DetailID": "Код",
  "Db.Northwind.OrderDetail.Discount": "Скидка",
  "Db.Northwind.OrderDetail.EntityPlural": "Строки заказа",
  "Db.Northwind.OrderDetail.EntitySingular": "Строка заказа",
  "Db.Northwind.OrderDetail.LineTotal": "Строк всего",
  "Db.Northwind.OrderDetail.OrderCustomerID": "Код покупателя",
  "Db.Northwind.OrderDetail.OrderDate": "Дата",
  "Db.Northwind.OrderDetail.OrderEmployeeID": "Код сотрудника",
  "Db.Northwind.OrderDetail.OrderID": "Код",
  "Db.Northwind.OrderDetail.OrderShipCity": "Город",
  "Db.Northwind.OrderDetail.OrderShipCountry": "Страна",
  "Db.Northwind.OrderDetail.OrderShippedDate": "Дата",
  "Db.Northwind.OrderDetail.OrderShipVia": "Через",
  "Db.Northwind.OrderDetail.ProductDiscontinued": "Снято с производства",
  "Db.Northwind.OrderDetail.ProductID": "Продукт",
  "Db.Northwind.OrderDetail.ProductName": "Наименование",
  "Db.Northwind.OrderDetail.ProductQuantityPerUnit": "Количество, шт.",
  "Db.Northwind.OrderDetail.ProductSupplierID": "Код поставщика",
  "Db.Northwind.OrderDetail.ProductUnitPrice": "Цена",
  "Db.Northwind.OrderDetail.Quantity": "Количество",
  "Db.Northwind.OrderDetail.UnitPrice": "Цена",
  "Db.Northwind.Product.CategoryDescription": "Описание",
  "Db.Northwind.Product.CategoryID": "Код",
  "Db.Northwind.Product.CategoryName": "Наименование",
  "Db.Northwind.Product.CategoryPicture": "Значок категории",
  "Db.Northwind.Product.Discontinued": "Снят с производства",
  "Db.Northwind.Product.EntityPlural": "Продукты",
  "Db.Northwind.Product.EntitySingular": "Продукт",
  "Db.Northwind.Product.ProductID": "Код",
  "Db.Northwind.Product.ProductImage": "Изображение",
  "Db.Northwind.Product.ProductName": "Наименование",
  "Db.Northwind.Product.QuantityPerUnit": "Количество в упаковке",
  "Db.Northwind.Product.ReorderLevel": "Уровень сортировки",
  "Db.Northwind.Product.SupplierAddress": "Адрес",
  "Db.Northwind.Product.SupplierCity": "Город",
  "Db.Northwind.Product.SupplierCompanyName": "Компания",
  "Db.Northwind.Product.SupplierContactName": "ФИО",
  "Db.Northwind.Product.SupplierContactTitle": "Заголовок",
  "Db.Northwind.Product.SupplierCountry": "Страна",
  "Db.Northwind.Product.SupplierFax": "Факс",
  "Db.Northwind.Product.SupplierHomePage": "Домашняя страница",
  "Db.Northwind.Product.SupplierID": "Код",
  "Db.Northwind.Product.SupplierPhone": "Телефон",
  "Db.Northwind.Product.SupplierPostalCode": "Индекс",
  "Db.Northwind.Product.SupplierRegion": "Регион",
  "Db.Northwind.Product.UnitPrice": "Цена упаковки",
  "Db.Northwind.Product.UnitsInStock": "Упаковок на складе",
  "Db.Northwind.Product.UnitsOnOrder": "Единица измерения",
  "Db.Northwind.ProductLang.EntityPlural": "Локализации",
  "Db.Northwind.ProductLang.EntitySingular": "Локализация",
  "Db.Northwind.ProductLang.Id": "Код",
  "Db.Northwind.ProductLang.LanguageId": "Код языка",
  "Db.Northwind.ProductLang.ProductId": "Код продукта",
  "Db.Northwind.ProductLang.ProductName": "Наименование продукта",
  "Db.Northwind.Region.EntityPlural": "Регионы",
  "Db.Northwind.Region.EntitySingular": "Регион",
  "Db.Northwind.Region.RegionDescription": "Описание",
  "Db.Northwind.Region.RegionID": "Код",
  "Db.Northwind.SalesByCategory.CategoryId": "Код",
  "Db.Northwind.SalesByCategory.CategoryName": "Наименование категории",
  "Db.Northwind.SalesByCategory.EntityPlural": "Продажи по категориям",
  "Db.Northwind.SalesByCategory.EntitySingular": "Продажи по категории",
  "Db.Northwind.SalesByCategory.ProductName": "Наименование продукта",
  "Db.Northwind.SalesByCategory.ProductSales": "Продажи",
  "Db.Northwind.Shipper.CompanyName": "Компания",
  "Db.Northwind.Shipper.EntityPlural": "Грузоотправители",
  "Db.Northwind.Shipper.EntitySingular": "Грузоотправитель",
  "Db.Northwind.Shipper.Phone": "Телефон",
  "Db.Northwind.Shipper.ShipperID": "Код",
  "Db.Northwind.Supplier.Address": "Адрес",
  "Db.Northwind.Supplier.City": "Город",
  "Db.Northwind.Supplier.CompanyName": "Компания",
  "Db.Northwind.Supplier.ContactName": "Контакт",
  "Db.Northwind.Supplier.ContactTitle": "Заголовок",
  "Db.Northwind.Supplier.Country": "Страна",
  "Db.Northwind.Supplier.EntityPlural": "Поставщики",
  "Db.Northwind.Supplier.EntitySingular": "Поставщик",
  "Db.Northwind.Supplier.Fax": "Факс",
  "Db.Northwind.Supplier.HomePage": "Домашняя страница",
  "Db.Northwind.Supplier.Phone": "Телефон",
  "Db.Northwind.Supplier.PostalCode": "Индекс",
  "Db.Northwind.Supplier.Region": "Регион",
  "Db.Northwind.Supplier.SupplierID": "Код",
  "Db.Northwind.Territory.EntityPlural": "Территории",
  "Db.Northwind.Territory.EntitySingular": "Территория",
  "Db.Northwind.Territory.ID": "Код",
  "Db.Northwind.Territory.RegionDescription": "Описание региона",
  "Db.Northwind.Territory.RegionID": "Код региона",
  "Db.Northwind.Territory.TerritoryDescription": "Описание территории",
  "Db.Northwind.Territory.TerritoryID": "Код",
  "Enums.Northwind.OrderShippingState.NotShipped": "Не отгружен",
  "Enums.Northwind.OrderShippingState.Shipped": "Отгружен",
  "Forms.Northwind.Customer.Categories.Address": "Адрес",
  "Forms.Northwind.Customer.Categories.Contact": "Контакт",
  "Forms.Northwind.Customer.Categories.Details": "Детализация",
  "Forms.Northwind.Customer.Categories.General": "Главное",
  "Forms.Northwind.Order.Categories.Order": "Заказ",
  "Forms.Northwind.Order.Categories.Order Chi tiết": "Детализация заказа",
  "Forms.Northwind.Order.Categories.Order Details": "Детализация заказа",
  "Forms.Northwind.Order.Categories.Ship To": "Адрес получателя",
  "Forms.Northwind.Order.Categories.Ship Để": "Адрес получателя",
  "Forms.Northwind.Order.Categories.Shipping": "Перевозка",
  "Forms.Northwind.Product.Categories.General": "Главное",
  "Forms.Northwind.Product.Categories.Pricing": "Ценообразование",
  "Forms.Northwind.Product.Categories.Status": "Статус",
  "Navigation.Northwind": "Северный ветер",
  "Navigation.Northwind/Categories": "Категории",
  "Navigation.Northwind/Customers": "Покупатели",
  "Navigation.Northwind/Employees": "Сотрудники",
  "Navigation.Northwind/Orders": "Заказы",
  "Navigation.Northwind/Products": "Продукция",
  "Navigation.Northwind/Regions": "Регионы",
  "Navigation.Northwind/Reports": "Отчёты",
  "Navigation.Northwind/Shippers": "Грузоотправители",
  "Navigation.Northwind/Suppliers": "Поставщики",
  "Navigation.Northwind/Territories": "Территории",
  "Permission.Northwind:": "Разрешения",
  "Permission.Northwind: General": "Главное",
  "Permission.Northwind:Customer": "Клиент",
  "Permission.Northwind:Customer:": "Клиент:",
  "Permission.Northwind:Customer:Delete": "Удаление",
  "Permission.Northwind:Customer:Modify": "Создать/обновить",
  "Permission.Northwind:Customer:View": "Просмотр",
  "Permission.Northwind:General": "[Главное]",
  "Validation.NorthwindPhone": "Номер телефона должен иметь формат '(503) 555-9831'.",
  "Validation.NorthwindPhoneMultiple": "Номер телефона должен иметь формат '(503) 555-9831'. Несколько номеров могут быть разделены запятыми."
}