{
    "Db.Northwind.Category.CategoryID": "Id",
    "Db.Northwind.Category.CategoryName": "Name",
    "Db.Northwind.Category.Description": "Beschreibung",
    "Db.Northwind.Category.EntityPlural": "Kategorien",
    "Db.Northwind.Category.EntitySingular": "Kategorie",
    "Db.Northwind.Category.Picture": "Bild",
    "Db.Northwind.Customer.Address": "Adresse",
    "Db.Northwind.Customer.City": "Stadt",
    "Db.Northwind.Customer.CompanyName": "Firma",
    "Db.Northwind.Customer.ContactName": "Kontakt",
    "Db.Northwind.Customer.ContactTitle": "Anrede",
    "Db.Northwind.Customer.Country": "Staat",
    "Db.Northwind.Customer.CustomerID": "Kundennummer",
    "Db.Northwind.Customer.EntityPlural": "Kunden",
    "Db.Northwind.Customer.EntitySingular": "Kunde",
    "Db.Northwind.Customer.Fax": "Fax",
    "Db.Northwind.Customer.ID": "Id",
    "Db.Northwind.Customer.Phone": "Telefon",
    "Db.Northwind.Customer.PostalCode": "PLZ",
    "Db.Northwind.Customer.Region": "Bundesland",
    "Db.Northwind.CustomerCustomerDemo.CustomerAddress": "Adresse",
    "Db.Northwind.CustomerCustomerDemo.CustomerCity": "Stadt",
    "Db.Northwind.CustomerCustomerDemo.CustomerCompanyName": "Firma",
    "Db.Northwind.CustomerCustomerDemo.CustomerContactName": "Kontakt",
    "Db.Northwind.CustomerCustomerDemo.CustomerContactTitle": "Anrede",
    "Db.Northwind.CustomerCustomerDemo.CustomerCountry": "Staat",
    "Db.Northwind.CustomerCustomerDemo.CustomerFax": "Fax",
    "Db.Northwind.CustomerCustomerDemo.CustomerID": "Kunden-Id",
    "Db.Northwind.CustomerCustomerDemo.CustomerPhone": "Telefon",
    "Db.Northwind.CustomerCustomerDemo.CustomerPostalCode": "PLZ",
    "Db.Northwind.CustomerCustomerDemo.CustomerRegion": "Bundesland",
    "Db.Northwind.CustomerCustomerDemo.CustomerTypeCustomerDesc": "Kundentyp",
    "Db.Northwind.CustomerCustomerDemo.CustomerTypeID": "Kundentyp-Id",
    "Db.Northwind.CustomerCustomerDemo.ID": "Id",
    "Db.Northwind.CustomerDemographic.CustomerDesc": "Beschreibung",
    "Db.Northwind.CustomerDemographic.CustomerTypeID": "Kundentyp-Id",
    "Db.Northwind.CustomerDemographic.ID": "Id",
    "Db.Northwind.Employee.Address": "Adresse",
    "Db.Northwind.Employee.BirthDate": "Geburtsdatum",
    "Db.Northwind.Employee.City": "Stadt",
    "Db.Northwind.Employee.Country": "Staat",
    "Db.Northwind.Employee.EmployeeID": "Mitarbeiter Id",
    "Db.Northwind.Employee.EntityPlural": "Mitarbeiter",
    "Db.Northwind.Employee.EntitySingular": "Mitarbeiter",
    "Db.Northwind.Employee.Extension": "Erweiterung",
    "Db.Northwind.Employee.FirstName": "Vorname",
    "Db.Northwind.Employee.FullName": "Kompletter Name",
    "Db.Northwind.Employee.Gender": "Geschlecht",
    "Db.Northwind.Employee.HireDate": "Einstellungsdatum",
    "Db.Northwind.Employee.HomePhone": "Telefon (privat)",
    "Db.Northwind.Employee.LastName": "Nachname",
    "Db.Northwind.Employee.Notes": "Notizen",
    "Db.Northwind.Employee.Photo": "Foto",
    "Db.Northwind.Employee.PhotoPath": "Fotopfad",
    "Db.Northwind.Employee.PostalCode": "PLZ",
    "Db.Northwind.Employee.Region": "Bundesland",
    "Db.Northwind.OrderDetail.Quantity": "Menge",
    "Db.Northwind.OrderDetail.UnitPrice": "Preis",
    "Db.Northwind.Product.CategoryDescription": "Beschreibung der Kategorie",
    "Db.Northwind.Product.CategoryID": "Kategorie-Id",
    "Db.Northwind.Product.CategoryName": "Name der Kategorie",
    "Db.Northwind.Product.CategoryPicture": "Kategoriebild",
    "Db.Northwind.Product.Discontinued": "Stillgelegt",
    "Db.Northwind.Product.EntityPlural": "Produkte",
    "Db.Northwind.Product.EntitySingular": "Produkt",
    "Db.Northwind.Product.ProductID": "Id",
    "Db.Northwind.Product.ProductImage": "Bild",
    "Db.Northwind.Product.ProductName": "Name",
    "Db.Northwind.Product.QuantityPerUnit": "Mengeneinheit",
    "Db.Northwind.Product.ReorderLevel": "Meldebestand",
    "Enums.Northwind.OrderShippingState.NotShipped": "Nicht geliefert",
    "Enums.Northwind.OrderShippingState.Shipped": "Geliefert",
    "Forms.Northwind.Customer.Categories.Address": "Adresse",
    "Forms.Northwind.Customer.Categories.Contact": "Kontakt",
    "Forms.Northwind.Customer.Categories.General": "Allgemein",
    "Forms.Northwind.Order.Categories.Order": "Bestellung",
    "Forms.Northwind.Order.Categories.Order Details": "Bestelldetails",
    "Forms.Northwind.Order.Categories.Ship To": "Lieferadresse",
    "Forms.Northwind.Order.Categories.Shipping": "Lieferung",
    "Forms.Northwind.Product.Categories.General": "Allgemein",
    "Forms.Northwind.Product.Categories.Pricing": "Preis",
    "Forms.Northwind.Product.Categories.Status": "Status",
    "Navigation.Northwind": "Northwind",
    "Navigation.Northwind/Categories": "Kategorien",
    "Navigation.Northwind/Customers": "Kunden",
    "Navigation.Northwind/Employees": "Mitarbeiter",
    "Navigation.Northwind/Orders": "Bestellungen",
    "Navigation.Northwind/Products": "Produkte",
    "Navigation.Northwind/Regions": "Bundesländer",
    "Navigation.Northwind/Shippers": "Lieferdienste",
    "Navigation.Northwind/Suppliers": "Lieferanten",
    "Navigation.Northwind/Territories": "Orte",
    "Permission.Northwind:Customer": "Kunden",
    "Permission.Northwind:Customer:Delete": "Löschen",
    "Permission.Northwind:Customer:Modify": "Erstellen/Ändern",
    "Permission.Northwind:Customer:View": "Ansicht",
    "Permission.Northwind:General": "[Allgemein]",
    "Site.RolePermissionDialog.DialogTitle": "Rollenberechtigungen bearbeiten ({0})",
    "Site.RolePermissionDialog.EditButton": "Berechtigungen bearbeiten",
    "Site.RolePermissionDialog.SaveSuccess": "Änderungen an den Rollenberechtigungen gespeichert.",
    "Site.UserDialog.EditPermissionsButton": "Berechtigungen bearbeiten",
    "Site.UserDialog.EditRolesButton": "Rollen bearbeiten",
    "Site.UserPermissionDialog.DialogTitle": "Benutzerberechtigungen bearbeiten ({0})",
    "Site.UserPermissionDialog.Grant": "Bewilligen",
    "Site.UserPermissionDialog.Permission": "Berechtigung",
    "Site.UserPermissionDialog.Revoke": "Entziehen",
    "Site.UserPermissionDialog.SaveSuccess": "Änderungen an den Benutzerberechtigungen gespeichert.",
    "Site.UserRoleDialog.DialogTitle": "Benutzerrollen bearbeiten ({0})",
    "Site.UserRoleDialog.SaveSuccess": "Änderungen an den Benutzerrollen gespeichert.",
    "Site.ValidationError.Title": "FEHLER",
    "Validation.NorthwindPhone": "Telefonnummern müssen in folgendem Format angegeben werden: '(503) 555-9831'.",
    "Validation.NorthwindPhoneMultiple": "Telefonnummern müssen in folgendem Format angegeben werden: '(503) 555-9831'. Mehrere Nummern können mittels Beistrich getrennt werden."
}