{
    "Db.Northwind.Category.CategoryID": "Id da categoria",
    "Db.Northwind.Category.CategoryName": "Nome da categoria",
    "Db.Northwind.Category.Description": "Descrição",
    "Db.Northwind.Category.EntityPlural": "Categorias",
    "Db.Northwind.Category.EntitySingular": "categoria",
    "Db.Northwind.Category.Picture": "Imagem",
    "Db.Northwind.CategoryLang.CategoryId": "Id da categoria",
    "Db.Northwind.CategoryLang.CategoryName": "Nome da categoria",
    "Db.Northwind.CategoryLang.Description": "Descrição",
    "Db.Northwind.CategoryLang.EntityPlural": "Idioma da categorias",
    "Db.Northwind.CategoryLang.EntitySingular": "Idioma da categoria",
    "Db.Northwind.CategoryLang.Id": "Id",
    "Db.Northwind.CategoryLang.LanguageId": "Id do Idioma",
    "Db.Northwind.Customer.Address": "Endereço",
    "Db.Northwind.Customer.City": "Cidade",
    "Db.Northwind.Customer.CompanyName": "Nome da empresa",
    "Db.Northwind.Customer.ContactName": "Nome de contacto",
    "Db.Northwind.Customer.ContactTitle": "Titulo do contacto",
    "Db.Northwind.Customer.Country": "País",
    "Db.Northwind.Customer.CustomerID": "Id do cliente",
    "Db.Northwind.Customer.EntityPlural": "Clientes",
    "Db.Northwind.Customer.EntitySingular": "cliente",
    "Db.Northwind.Customer.Fax": "Fax",
    "Db.Northwind.Customer.ID": "ID",
    "Db.Northwind.Customer.Phone": "Tlf",
    "Db.Northwind.Customer.PostalCode": "Código postal",
    "Db.Northwind.Customer.Region": "Região",
    "Db.Northwind.CustomerCustomerDemo.CustomerAddress": "Endereço do cliente",
    "Db.Northwind.CustomerCustomerDemo.CustomerCity": "Cidade do cliente",
    "Db.Northwind.CustomerCustomerDemo.CustomerCompanyName": "Empresa do cliente",
    "Db.Northwind.CustomerCustomerDemo.CustomerContactName": "Nome do contacto do cliente",
    "Db.Northwind.CustomerCustomerDemo.CustomerContactTitle": "Titulo do contacto do cliente",
    "Db.Northwind.CustomerCustomerDemo.CustomerCountry": "País do cliente",
    "Db.Northwind.CustomerCustomerDemo.CustomerFax": "Fax do cliente",
    "Db.Northwind.CustomerCustomerDemo.CustomerID": "Id do cliente",
    "Db.Northwind.CustomerCustomerDemo.CustomerPhone": "Tlf do cliente",
    "Db.Northwind.CustomerCustomerDemo.CustomerPostalCode": "Código postal do cliente",
    "Db.Northwind.CustomerCustomerDemo.CustomerRegion": "Região do cliente",
    "Db.Northwind.CustomerCustomerDemo.CustomerTypeCustomerDesc": "Descrição do tipo de cliente",
    "Db.Northwind.CustomerCustomerDemo.CustomerTypeID": "Id do tipo de cliente",
    "Db.Northwind.CustomerCustomerDemo.ID": "Id",
    "Db.Northwind.CustomerDemographic.CustomerDesc": "Cliente desc",
    "Db.Northwind.CustomerDemographic.CustomerTypeID": "Id do tipo de cliente",
    "Db.Northwind.CustomerDemographic.ID": "Id",
    "Db.Northwind.Employee.Address": "Endereço",
    "Db.Northwind.Employee.BirthDate": "Data de nascimento",
    "Db.Northwind.Employee.City": "Cidade",
    "Db.Northwind.Employee.Country": "País",
    "Db.Northwind.Employee.EmployeeID": "Id do empregado",
    "Db.Northwind.Employee.EntityPlural": "Empregados",
    "Db.Northwind.Employee.EntitySingular": "empregado",
    "Db.Northwind.Employee.Extension": "Extensão",
    "Db.Northwind.Employee.FirstName": "Primeiro nome",
    "Db.Northwind.Employee.FullName": "Nome completo",
    "Db.Northwind.Employee.Gender": "Género",
    "Db.Northwind.Employee.HireDate": "Data de contrato",
    "Db.Northwind.Employee.HomePhone": "Tlf de casa",
    "Db.Northwind.Employee.LastName": "Apelido",
    "Db.Northwind.Employee.Notes": "Notas",
    "Db.Northwind.Employee.Photo": "Foto",
    "Db.Northwind.Employee.PhotoPath": "Caminho da foto",
    "Db.Northwind.Employee.PostalCode": "Código postal",
    "Db.Northwind.Employee.Region": "Região",
    "Db.Northwind.Employee.ReportsTo": "Relativo a",
    "Db.Northwind.Employee.ReportsToAddress": "Relativo ao endereço",
    "Db.Northwind.Employee.ReportsToBirthDate": "Relativo à data de nascimento",
    "Db.Northwind.Employee.ReportsToCity": "Relativo à cidade",
    "Db.Northwind.Employee.ReportsToCountry": "Relativo ao país",
    "Db.Northwind.Employee.ReportsToExtension": "Relativo à extensão",
    "Db.Northwind.Employee.ReportsToFirstName": "Relativo ao primeiro nome",
    "Db.Northwind.Employee.ReportsToFullName": "Relativo a",
    "Db.Northwind.Employee.ReportsToHireDate": "Relativo à data do contracto",
    "Db.Northwind.Employee.ReportsToHomePhone": "Relativo ao Tlf de casa",
    "Db.Northwind.Employee.ReportsToLastName": "Relativo ao apelido",
    "Db.Northwind.Employee.ReportsToNotes": "Relativo às notas",
    "Db.Northwind.Employee.ReportsToPhoto": "Relativo à foto",
    "Db.Northwind.Employee.ReportsToPhotoPath": "Relativo ao caminho da foto",
    "Db.Northwind.Employee.ReportsToPostalCode": "Relativo ao código postal",
    "Db.Northwind.Employee.ReportsToRegion": "Relativo à região",
    "Db.Northwind.Employee.ReportsToReportsTo": "Relativo a",
    "Db.Northwind.Employee.ReportsToTitle": "Relativo ao Título",
    "Db.Northwind.Employee.ReportsToTitleOfCourtesy": "Relativo ao Título de cortesia",
    "Db.Northwind.Employee.Title": "Título",
    "Db.Northwind.Employee.TitleOfCourtesy": "Título de cortesia",
    "Db.Northwind.EmployeeTerritory.EmployeeAddress": "Endereço do empregado",
    "Db.Northwind.EmployeeTerritory.EmployeeBirthDate": "Data de nascimento do empregado",
    "Db.Northwind.EmployeeTerritory.EmployeeCity": "Cidade do empregado",
    "Db.Northwind.EmployeeTerritory.EmployeeCountry": "País do empregado",
    "Db.Northwind.EmployeeTerritory.EmployeeExtension": "Extensão do empregado",
    "Db.Northwind.EmployeeTerritory.EmployeeFirstName": "Primeiro nome do empregado",
    "Db.Northwind.EmployeeTerritory.EmployeeHireDate": "Data de contracto do do empregado",
    "Db.Northwind.EmployeeTerritory.EmployeeHomePhone": "Tlf de casa do empregado",
    "Db.Northwind.EmployeeTerritory.EmployeeID": "Id do empregado",
    "Db.Northwind.EmployeeTerritory.EmployeeLastName": "Apelido do empregado",
    "Db.Northwind.EmployeeTerritory.EmployeeNotes": "Notas do empregado",
    "Db.Northwind.EmployeeTerritory.EmployeePhoto": "Foto do empregado",
    "Db.Northwind.EmployeeTerritory.EmployeePhotoPath": "Caminho da foto do empregado",
    "Db.Northwind.EmployeeTerritory.EmployeePostalCode": "Código postal do empregado",
    "Db.Northwind.EmployeeTerritory.EmployeeRegion": "Região do empregado",
    "Db.Northwind.EmployeeTerritory.EmployeeReportsTo": "Empregado relativo a",
    "Db.Northwind.EmployeeTerritory.EmployeeTitle": "Título do empregado",
    "Db.Northwind.EmployeeTerritory.EmployeeTitleOfCourtesy": "Título de cortesia do empregado",
    "Db.Northwind.EmployeeTerritory.TerritoryID": "Id da área",
    "Db.Northwind.EmployeeTerritory.TerritoryRegionID": "Id da região da área",
    "Db.Northwind.EmployeeTerritory.TerritoryTerritoryDescription": "Descrição da área",
    "Db.Northwind.Note.EntityId": "Id da entidade",
    "Db.Northwind.Note.EntityPlural": "Notas",
    "Db.Northwind.Note.EntitySingular": "nota",
    "Db.Northwind.Note.EntityType": "Tipo da entidade",
    "Db.Northwind.Note.InsertDate": "Data de registo",
    "Db.Northwind.Note.InsertUserDisplayName": "Utilizador do registo",
    "Db.Northwind.Note.InsertUserId": "Id do utilizador do registo",
    "Db.Northwind.Note.NoteId": "Id da Nota",
    "Db.Northwind.Note.Text": "Texto",
    "Db.Northwind.Order.CustomerCity": "Cidade do cliente",
    "Db.Northwind.Order.CustomerCompanyName": "Cliente",
    "Db.Northwind.Order.CustomerContactName": "Nome de contacto do cliente",
    "Db.Northwind.Order.CustomerContactTitle": "Título do cliente",
    "Db.Northwind.Order.CustomerCountry": "País do cliente",
    "Db.Northwind.Order.CustomerFax": "Fax do cliente",
    "Db.Northwind.Order.CustomerID": "Cliente",
    "Db.Northwind.Order.CustomerPhone": "Tlf do cliente",
    "Db.Northwind.Order.CustomerRegion": "Região do cliente",
    "Db.Northwind.Order.DetailList": "Detalhes",
    "Db.Northwind.Order.EmployeeFullName": "Empregado",
    "Db.Northwind.Order.EmployeeGender": "Género do empregado",
    "Db.Northwind.Order.EmployeeID": "Empregado",
    "Db.Northwind.Order.EmployeeName": "Nome do empregado",
    "Db.Northwind.Order.EntityPlural": "Encomendas",
    "Db.Northwind.Order.EntitySingular": "encomenda",
    "Db.Northwind.Order.Freight": "Transporte",
    "Db.Northwind.Order.OrderDate": "Data da encomenda",
    "Db.Northwind.Order.OrderID": "Id da encomenda",
    "Db.Northwind.Order.RequiredDate": "Data obrigatória",
    "Db.Northwind.Order.ShipAddress": "Endereço do envio",
    "Db.Northwind.Order.ShipCity": "Cidade de envio",
    "Db.Northwind.Order.ShipCountry": "País de envio",
    "Db.Northwind.Order.ShipName": "Nome do envio",
    "Db.Northwind.Order.ShippedDate": "Data do envio",
    "Db.Northwind.Order.ShippingState": "Estado do envio",
    "Db.Northwind.Order.ShipPostalCode": "Código postal do envio",
    "Db.Northwind.Order.ShipRegion": "Região do envio",
    "Db.Northwind.Order.ShipVia": "Envio através de",
    "Db.Northwind.Order.ShipViaCompanyName": "Envio através da transportadora",
    "Db.Northwind.Order.ShipViaPhone": "Envio através do tlf",
    "Db.Northwind.OrderDetail.DetailID": "ID",
    "Db.Northwind.OrderDetail.Discount": "Desconto",
    "Db.Northwind.OrderDetail.EntityPlural": "Detalhes da encomenda",
    "Db.Northwind.OrderDetail.EntitySingular": "Detalhe da encomenda",
    "Db.Northwind.OrderDetail.LineTotal": "Total",
    "Db.Northwind.OrderDetail.OrderCustomerID": "Id da encomenda do cliente",
    "Db.Northwind.OrderDetail.OrderDate": "Data da encomenda",
    "Db.Northwind.OrderDetail.OrderEmployeeID": "Id do empregado da encomenda",
    "Db.Northwind.OrderDetail.OrderID": "Id da encomenda",
    "Db.Northwind.OrderDetail.OrderShipCity": "Cidade do envio da encomenda",
    "Db.Northwind.OrderDetail.OrderShipCountry": "País do envio da encomenda",
    "Db.Northwind.OrderDetail.OrderShippedDate": "Data do envio da encomenda",
    "Db.Northwind.OrderDetail.OrderShipVia": "Envio da encomenda através de",
    "Db.Northwind.OrderDetail.ProductDiscontinued": "Produto descontinuado",
    "Db.Northwind.OrderDetail.ProductID": "Produto",
    "Db.Northwind.OrderDetail.ProductName": "Nome do produto",
    "Db.Northwind.OrderDetail.ProductQuantityPerUnit": "Quantidade do produto por unidade",
    "Db.Northwind.OrderDetail.ProductSupplierID": "Id do fornecedor",
    "Db.Northwind.OrderDetail.ProductUnitPrice": "Preço unitário do produto",
    "Db.Northwind.OrderDetail.Quantity": "Quantidade",
    "Db.Northwind.OrderDetail.UnitPrice": "Preço da unidade",
    "Db.Northwind.Product.CategoryDescription": "Descrição da categoria",
    "Db.Northwind.Product.CategoryID": "Categoria",
    "Db.Northwind.Product.CategoryName": "Categoria",
    "Db.Northwind.Product.CategoryPicture": "Imagem da categoria",
    "Db.Northwind.Product.Discontinued": "Descontinuado",
    "Db.Northwind.Product.EntityPlural": "Produtos",
    "Db.Northwind.Product.EntitySingular": "produto",
    "Db.Northwind.Product.ProductID": "Id do produto",
    "Db.Northwind.Product.ProductImage": "Imagem do produto",
    "Db.Northwind.Product.ProductName": "Nome do produto",
    "Db.Northwind.Product.QuantityPerUnit": "Quantidade por unidade",
    "Db.Northwind.Product.ReorderLevel": "Nível de re-encomenda",
    "Db.Northwind.Product.SupplierAddress": "Endereço do fornecedor",
    "Db.Northwind.Product.SupplierCity": "Cidade do fornecedor",
    "Db.Northwind.Product.SupplierCompanyName": "Fornecedor",
    "Db.Northwind.Product.SupplierContactName": "Nome de contacto do fornecedor",
    "Db.Northwind.Product.SupplierContactTitle": "Título do contacto do fornecedor",
    "Db.Northwind.Product.SupplierCountry": "País do fornecedor",
    "Db.Northwind.Product.SupplierFax": "Fax do fornecedor",
    "Db.Northwind.Product.SupplierHomePage": "Site do fornecedor",
    "Db.Northwind.Product.SupplierID": "Id do Fornecedor",
    "Db.Northwind.Product.SupplierPhone": "Tlf do fornecedor",
    "Db.Northwind.Product.SupplierPostalCode": "Código postal do fornecedor",
    "Db.Northwind.Product.SupplierRegion": "Região do fornecedor",
    "Db.Northwind.Product.UnitPrice": "Preço da unidade",
    "Db.Northwind.Product.UnitsInStock": "Unidades em stock",
    "Db.Northwind.Product.UnitsOnOrder": "Unidades encomendadas",
    "Db.Northwind.ProductLang.Id": "Id",
    "Db.Northwind.ProductLang.LanguageId": "Id do idioma",
    "Db.Northwind.ProductLang.ProductId": "Id do produto",
    "Db.Northwind.ProductLang.ProductName": "Nome do produto",
    "Db.Northwind.Region.EntityPlural": "Regiões",
    "Db.Northwind.Region.EntitySingular": "região",
    "Db.Northwind.Region.RegionDescription": "Descrição da região",
    "Db.Northwind.Region.RegionID": "Id da região",
    "Db.Northwind.SalesByCategory.CategoryId": "Id da categoria",
    "Db.Northwind.SalesByCategory.CategoryName": "Nome da categoria",
    "Db.Northwind.SalesByCategory.EntityPlural": "Vendas por categorias",
    "Db.Northwind.SalesByCategory.EntitySingular": "Vendas por categoria",
    "Db.Northwind.SalesByCategory.ProductName": "Nome do produto",
    "Db.Northwind.SalesByCategory.ProductSales": "Vendas do produto",
    "Db.Northwind.Shipper.CompanyName": "Nome da empresa",
    "Db.Northwind.Shipper.EntityPlural": "Transportadoras",
    "Db.Northwind.Shipper.EntitySingular": "transportadora",
    "Db.Northwind.Shipper.Phone": "Tlf",
    "Db.Northwind.Shipper.ShipperID": "Id da Transportadora",
    "Db.Northwind.Supplier.Address": "Endereço",
    "Db.Northwind.Supplier.City": "Cidade",
    "Db.Northwind.Supplier.CompanyName": "Nome da empresa",
    "Db.Northwind.Supplier.ContactName": "Nome do contacto",
    "Db.Northwind.Supplier.ContactTitle": "Título do contacto",
    "Db.Northwind.Supplier.Country": "País",
    "Db.Northwind.Supplier.EntityPlural": "Fornecedores",
    "Db.Northwind.Supplier.EntitySingular": "fornecedor",
    "Db.Northwind.Supplier.Fax": "Fax",
    "Db.Northwind.Supplier.HomePage": "Site",
    "Db.Northwind.Supplier.Phone": "Tlf",
    "Db.Northwind.Supplier.PostalCode": "Código postal",
    "Db.Northwind.Supplier.Region": "Região",
    "Db.Northwind.Supplier.SupplierID": "Id do fornecedor",
    "Db.Northwind.Territory.EntityPlural": "Áreas",
    "Db.Northwind.Territory.EntitySingular": "área",
    "Db.Northwind.Territory.ID": "ID",
    "Db.Northwind.Territory.RegionDescription": "Descrição da região",
    "Db.Northwind.Territory.RegionID": "Id da região",
    "Db.Northwind.Territory.TerritoryDescription": "Descrição da área",
    "Db.Northwind.Territory.TerritoryID": "Id da área",
    "Enums.Northwind.OrderShippingState.NotShipped": "Não enviado",
    "Enums.Northwind.OrderShippingState.Shipped": "Enviado",
    "Forms.Northwind.Customer.Categories.Address": "Endereço",
    "Forms.Northwind.Customer.Categories.Contact": "Contacto",
    "Forms.Northwind.Customer.Categories.General": "Geral",
    "Forms.Northwind.Order.Categories.Order": "Encomenda",
    "Forms.Northwind.Order.Categories.Order Details": "Detalhes da encomenda",
    "Forms.Northwind.Order.Categories.Ship To": "Enviar para",
    "Forms.Northwind.Order.Categories.Shipping": "Enviar",
    "Forms.Northwind.Product.Categories.General": "Geral",
    "Forms.Northwind.Product.Categories.Pricing": "Preços",
    "Forms.Northwind.Product.Categories.Status": "Status",
    "Navigation.Northwind": "Northwind",
    "Navigation.Northwind/Categories": "Categorias",
    "Navigation.Northwind/Customers": "Clientes",
    "Navigation.Northwind/Employees": "Empregados",
    "Navigation.Northwind/Orders": "Encomendas",
    "Navigation.Northwind/Products": "Produtos",
    "Navigation.Northwind/Regions": "Regiões",
    "Navigation.Northwind/Shippers": "Transportadoras",
    "Navigation.Northwind/Suppliers": "Fornecedores",
    "Navigation.Northwind/Territories": "Áreas",
    "Permission.Northwind:": "Permission.Northwind:",
    "Permission.Northwind:Customer": "Clientes",
    "Permission.Northwind:Customer:": "Permission.Northwind:Customer:",
    "Permission.Northwind:Customer:Delete": "Eliminar",
    "Permission.Northwind:Customer:Modify": "Criar/Atualizar",
    "Permission.Northwind:Customer:View": "Ver",
    "Permission.Northwind:General": "[Geral]",
    "Validation.NorthwindPhone": "Phone numbers should be entered in format '(503) 555-9831'.",
    "Validation.NorthwindPhoneMultiple": "Os números de telefone devem ser inseridos na forma '(503) 555-9831."
}